,Cycle,A1,A2,A3,A4,A5,A6,A7,A8,A9,A10,A11,A12,B1,B2,B3,B4,B5,B6,B7,B8,B9,B10,B11,B12,C1,C2,C3,C4,C5,C6,C7,C8,C9,C10,C11,C12,D1,D2,D3,D4,D5,D6,D7,D8,D9,D10,D11,D12,E1,E2,E3,E4,E5,E6,E7,E8,E9,E10,E11,E12,F1,F2,F3,F4,F5,F6,F7,F8,F9,F10,F11,F12,G7,G8,G9,G10,G11,G12,H7,H8,H9,H10,H11,H12
,1,4218.61604506116,4248.92910031341,4177.26064073012,4254.77611402937,4333.28362961346,4371.7828813907,4319.78645107042,4247.89487108618,4230.60141175358,4226.86451620504,4315.69139967253,4229.04242158305,4234.36606130099,4238.26831091864,4209.20631444765,4200.55177638918,4305.74079714005,4339.12483568679,4232.48995987161,4197.98333150553,4181.56282706349,4116.40465559963,4309.40390218774,4261.58866316234,4224.51703952793,4188.03341552286,4150.4100313761,4164.36819108753,4238.0818440319,4333.21954337741,4316.85283204808,4307.23427345855,4192.99984120193,4174.33314750061,4392.22723435044,4386.78901289996,4276.69266109823,4280.82286607049,4244.52699741775,4267.72076470283,4741.15799808664,4426.53625401583,4408.60016284229,4390.76081259446,4343.34061855195,4298.61178107999,4532.61674125492,4596.77507558569,4283.08129429168,4191.32527959653,4170.88135993051,4196.11402572782,4344.05592734473,4377.99838577715,4298.97344785972,4313.66115853148,4257.29514009624,4278.73157948516,4458.88388757027,4542.34165529096,4134.16830918711,4180.0751145332,4137.35774530654,4158.36437942774,4293.10374132906,4282.98518176266,4357.25242820399,4314.55189286793,4234.93663928124,4203.57799183485,4356.89689921251,4402.60549456776,4210.16237454539,4232.22059047841,4176.99183575505,4181.80663098757,4368.57869545368,4309.34331526866,4246.07551187192,4204.71463527607,4168.49509107077,4240.16529853103,4402.098874609,4337.8053020126
,2,4231.96825914789,4244.05645796301,4170.32536025694,4248.48274317854,4317.94822965301,4358.35207158435,4300.4572620799,4226.11589244511,4221.79176878376,4212.54168426585,4299.85335184527,4254.64332058967,4225.66124153156,4225.70860436544,4203.03908649091,4194.67815087157,4296.96173115436,4322.81578309199,4221.4959452347,4187.6443863646,4164.47009058504,4096.99821772213,4293.91921013389,4266.59359522332,4218.76801477096,4175.39339484515,4129.46447549592,4151.77267676002,4226.85554889068,4317.30692170009,4296.83205666144,4286.80579819356,4179.63793867162,4160.94315799161,4375.51699716633,4376.30804682338,4271.56164610338,4272.30112662703,4248.33089591172,4262.33001145895,4745.28139284877,4427.20189497906,4407.8276932809,4387.98276180198,4344.03260610891,4297.98625655298,4527.22932126627,4584.2818938164,4281.85012033451,4189.03860481617,4166.44993411837,4191.77328783306,4341.75360815055,4381.27499187404,4299.05647708495,4321.89663174504,4258.38530696788,4276.2872689168,4451.99130881827,4528.48580986162,4119.60996938133,4163.9273155169,4141.3515396013,4141.97809127978,4265.92720126076,4276.40463340009,4352.20329613746,4312.85746426999,4238.46208383247,4202.89645414479,4349.74754190018,4392.52746651207,4210.51822605226,4237.80695764134,4175.69906597098,4185.10751073883,4366.96101947848,4304.23825672653,4245.53373463214,4204.45413540589,4169.70312178965,4233.59601314387,4408.98380279489,4367.73835629981
,3,4237.02602815016,4262.06553295595,4174.90405084153,4250.47186416691,4324.3663774763,4359.40516556172,4298.71847071491,4224.84192718549,4214.88372931907,4206.22612634546,4293.6873542121,4262.73829342467,4222.81140250917,4214.97641982977,4204.54871959861,4207.24430491479,4291.82853738682,4314.85674983675,4216.50310317129,4179.4881702131,4164.57253175661,4090.44755558607,4282.06933387647,4260.68037608758,4217.9295969882,4176.56365601071,4141.59886536181,4146.85142751192,4225.35818971469,4309.00650636049,4295.23244030493,4291.03462103638,4182.68158698405,4161.14578849834,4373.08630979281,4382.01045370914,4272.47260821777,4280.84255734699,4251.11945618449,4267.87265255096,4761.18866259886,4427.21464041763,4415.52833225841,4398.2082717403,4351.52160396092,4307.29564723026,4536.89669090915,4599.37458539114,4276.22174498531,4188.88731852097,4170.64881123509,4194.80419099683,4350.56145430304,4382.58880508886,4310.0800608169,4322.53478242424,4264.66645844157,4282.43421006204,4457.48857902113,4540.93648769792,4112.19114444556,4158.33850653835,4127.31981994954,4128.93565806007,4261.97174856769,4269.88194419128,4355.83283243364,4319.24864237026,4237.81497966319,4202.14809024407,4357.69120645718,4397.74874657059,4208.96050363001,4235.22843425715,4176.04426163711,4181.77578569583,4367.60030051416,4307.67067500723,4247.50725375515,4208.96035744297,4172.44062012908,4236.12925504677,4427.9816011077,4373.15831250459
,4,4241.35558975698,4268.67319722857,4178.55070079468,4247.38671194469,4324.76503113205,4385.82427068699,4297.58903297082,4227.06169421591,4214.85998979255,4203.78499775401,4294.17586893647,4272.32975282757,4220.29807622482,4219.25282742073,4200.94528623212,4209.42855197391,4296.58073885027,4320.9081087848,4214.20372946494,4177.13991328919,4161.58432230178,4086.87583199068,4290.02203328941,4256.09350957179,4216.17993272918,4174.57050811839,4145.090237259,4150.12087924733,4222.87716925937,4310.39804778084,4297.68116809164,4290.14490832926,4184.30150400882,4161.02065100596,4375.31253232548,4385.97742452483,4282.1724165429,4282.19483370695,4263.16128570495,4275.41733049682,4775.45413662603,4441.54638003337,4422.46388375962,4401.13683404371,4355.92916812596,4310.36735770439,4556.03758044008,4613.05272220704,4284.62268866054,4193.76256284458,4179.17997891611,4199.1168341906,4356.25134399676,4396.3630982909,4318.59369993987,4329.02190566942,4271.61735949513,4290.53718545062,4473.71382737611,4553.40422759004,4115.10212948358,4164.93910071188,4134.24007049193,4139.66146021681,4261.99979710564,4273.19764220125,4365.79774236127,4328.38652727653,4238.51651468448,4213.99280134263,4371.70179598804,4405.71371997485,4213.33743102414,4237.84478692455,4181.07709818957,4182.38901239807,4371.15100763638,4317.42342888699,4248.40268203624,4207.35686303034,4178.46264314921,4241.6160645959,4433.19011403477,4390.13721499317
,5,4246.86365955983,4270.52399927186,4181.52869366353,4253.98460973253,4330.60439667991,4382.44204184805,4298.13570194343,4228.68685501788,4219.37214925825,4209.20947973359,4293.7545814102,4276.98126654833,4218.6355281148,4222.60074509248,4207.50367477531,4209.77160944867,4297.16692797087,4316.34841571148,4215.36913710811,4178.59726770682,4166.90352019025,4081.99099990863,4287.96344434329,4260.81108290729,4215.56722930836,4173.8910136301,4141.59205509478,4150.3289347477,4226.73996175644,4305.82227352633,4296.96336196956,4288.68000365672,4183.0715820681,4163.83444142692,4374.51147743749,4391.35689055344,4279.03180963916,4283.66381659739,4262.11364182814,4274.09333589614,4788.38958109,4452.48714554831,4426.93304629586,4409.39386237246,4361.96488503377,4320.06404146851,4569.71011532975,4638.18204107309,4284.16118224356,4203.53817563325,4184.94893861363,4207.79022577348,4370.48181048762,4402.38163903454,4320.8310522479,4328.09074042336,4271.87681586969,4292.13994242236,4488.71694770932,4573.4638757555,4110.48632825761,4158.30134973392,4139.06652919148,4133.84311339921,4261.33312615402,4271.63846760077,4374.06847791153,4330.73240211472,4247.33723906914,4216.96095165266,4387.15015513549,4423.47257424499,4214.74311353955,4230.83072367077,4179.69379509111,4187.10656375078,4381.23279480863,4324.13823917915,4251.70453997148,4214.57140462891,4181.19404679622,4248.29396987369,4451.02268632457,4400.70843013879
,6,4251.14266041814,4277.33699321421,4186.17288508871,4253.8056159835,4340.8695813123,4393.54935930039,4297.32275270549,4227.34293626618,4223.03302960052,4206.15607798029,4296.57352672072,4278.96769069039,4225.73404326478,4217.05009291443,4213.37263105147,4210.55876175474,4300.87339602256,4315.24337380195,4217.48124603082,4178.89933110288,4162.29898193969,4079.36499162688,4290.03906326653,4261.10759303025,4218.79364596348,4178.06734067265,4143.07936863194,4161.63389344004,4221.75573175487,4305.75576439023,4296.56492802789,4290.62071576859,4183.61010438106,4163.22273256135,4375.02702190468,4390.06121279833,4281.00832342337,4294.20620512325,4273.81590676376,4279.13676612895,4812.47659253204,4472.21989308782,4431.45613815516,4410.51890997226,4368.24325054049,4327.09370884202,4608.79311947349,4671.47265791647,4284.05886562306,4204.43218118106,4188.89208286582,4212.19967633712,4385.97697658863,4418.40296486217,4329.84943149631,4336.84501800572,4275.19352466256,4296.58580980525,4523.12015914763,4607.03633059059,4108.94508285309,4172.20623819161,4132.94108395177,4137.32921976672,4262.43100303175,4274.64460902886,4376.32789273536,4335.9036336863,4250.14534674536,4227.87826480736,4409.93718229839,4449.51931055427,4231.50230729485,4243.88342235992,4184.89744116196,4191.40681123907,4400.49470800751,4342.63498087506,4258.85746127297,4219.83185232773,4186.40027245377,4253.24005392391,4481.91331455233,4426.42862934966
,7,4255.60264986401,4279.34606490743,4191.84556330166,4263.94499631586,4349.71615353635,4409.30100091462,4298.06796497114,4228.689955339,4218.72953531415,4212.13090349946,4295.64783575548,4278.32164589755,4233.23300064799,4218.89256158932,4212.74783797989,4209.55346992562,4301.6117382913,4323.02612840888,4217.1233891858,4179.99649217569,4164.67131169503,4078.59654908596,4287.24330235544,4260.93864046551,4217.42245924303,4172.74737826922,4146.96839638899,4165.54001067379,4226.60081098783,4307.49456683468,4301.444695349,4293.58264079008,4190.38141290996,4167.88433030749,4383.98468302556,4400.98089736573,4286.62198302254,4298.87132876463,4282.3877682808,4287.90655278453,4840.67051610698,4496.95596793116,4435.89805158131,4421.68903740434,4376.99318408471,4337.74251696636,4671.38543645437,4746.25124235208,4288.55042114309,4203.08457938414,4199.22213656054,4213.39431390146,4411.160235971,4442.05291330466,4331.80856290952,4342.42612805492,4281.59601439137,4302.70620639517,4579.4917819965,4669.78198013566,4112.52870345923,4169.34196037577,4141.10669030381,4137.66975703785,4262.7681583972,4271.46971519781,4387.42015335624,4340.94371947062,4258.52113854391,4228.79556545162,4459.90824780939,4487.34760406133,4230.82327369729,4247.92129494338,4188.91531629768,4196.74902014934,4434.64832743675,4377.69823698901,4261.66499458684,4229.08806451627,4192.23080622572,4262.46118516289,4533.54295258334,4471.94529073673
,8,4257.84295619233,4285.18976945904,4194.04800786437,4265.54407588371,4368.31304890129,4431.73450994903,4296.42438984262,4226.14584326249,4221.64143122759,4210.24800449479,4295.34038210527,4281.53357759617,4231.19010256867,4221.79263361263,4218.90308241184,4215.06201632391,4302.46767627307,4326.42525177052,4218.36757954996,4178.50315984675,4165.72019425447,4077.57984780448,4290.17635239664,4259.52426128177,4219.84458534843,4178.89718663078,4153.92613217975,4169.09957172543,4221.47457621865,4307.37813679745,4304.01171498486,4296.81190568635,4194.19875031781,4170.94558006828,4395.2442624128,4411.53274921545,4291.64382241983,4297.27295357813,4282.505171007,4296.75932860425,4902.52322523583,4552.18930254499,4446.01730196223,4427.18690354862,4392.40156491115,4349.47595772134,4787.26980927004,4861.40922958274,4290.10036286641,4210.51625813881,4204.95396103,4216.78791664313,4466.80761385402,4497.45754748265,4341.5135638144,4344.91039756541,4296.31580324988,4316.03688723298,4690.51152354781,4782.26682345406,4109.369123574,4171.87656273505,4137.43744162335,4135.75048946066,4259.10407765292,4271.22426961209,4389.88018151865,4347.34792465091,4264.2777163331,4241.31476878203,4531.78418312236,4567.71299236764,4237.15509684682,4249.41571117854,4189.6801489167,4197.56248135894,4492.92957546577,4431.09376392686,4269.99096556515,4227.90252437467,4196.51162877795,4269.3129454709,4623.86397961319,4550.50331301056
,9,4263.20502935031,4287.25226104796,4201.86188738042,4272.56668949957,4412.95656128914,4467.16187781762,4308.78452056739,4232.4087348961,4224.33734145716,4212.81849859815,4299.41725178832,4280.84710212674,4230.43110972787,4222.52945555731,4223.1040543911,4211.5322792219,4305.74690551581,4327.33804026371,4219.38013169039,4181.02154846154,4169.25130566691,4073.91282411936,4285.53044302989,4271.48945960644,4217.3058365658,4177.07191575602,4149.58674389493,4165.28151637208,4223.82928034537,4314.68012478001,4309.79252304268,4297.12850801364,4199.70053267173,4175.85072644232,4411.05943461576,4428.22019532216,4292.1982311334,4306.85601745225,4301.54966540563,4309.57826166513,4994.98291641675,4647.96634491316,4448.86652300351,4435.5115849964,4406.63025621795,4361.74736846661,4985.24846794385,5074.63910688281,4291.9268855273,4218.61697570281,4211.31490328717,4229.46057171031,4556.91712141833,4586.63607159448,4347.55668698755,4350.97039333539,4309.61103961061,4327.91716458239,4887.17301116488,4996.63167534584,4107.70967578512,4168.3619580752,4140.90350194959,4142.81813213101,4267.47415162312,4273.1400004476,4405.61057413202,4360.99720230774,4281.26637208643,4249.37749771537,4677.7635849032,4714.80485872439,4244.8825786254,4261.75447361607,4201.63924193283,4209.36742870237,4612.81003537057,4537.43314072436,4276.59254628171,4240.48971930434,4210.27714958715,4277.59210943606,4786.41904506897,4689.78661200731
,10,4263.75359794155,4285.41226137927,4208.80666898147,4288.82162872336,4476.33042367507,4538.23606436087,4300.28372927786,4235.12517930517,4226.00198471962,4214.41586531573,4298.72402312096,4282.62571223228,4231.35233985599,4220.76653411838,4220.77520918321,4215.36824213794,4309.86214904994,4332.45481419642,4217.23048626498,4181.82025640702,4170.54193720271,4080.89626416636,4290.87102578006,4274.12570116514,4219.03818955306,4173.50622741306,4150.56456979369,4170.93966898762,4222.68337110568,4309.13342152432,4306.96097634006,4293.73485413144,4206.61691345745,4181.6353661602,4439.40738208964,4455.26762230806,4296.94330513875,4316.79911977829,4314.96057599449,4321.91084260628,5151.58587459737,4823.00332950965,4464.39543982301,4441.75170672525,4430.43327744947,4383.44285751464,5323.31978046445,5437.45777660104,4292.36397519451,4213.39838153037,4222.33156553485,4236.98001120583,4727.68238128904,4750.09873064971,4348.88902597648,4356.15254616151,4325.69672270232,4346.59860700925,5222.88224866694,5350.31261973827,4112.50137292638,4175.88671453086,4136.79463255185,4141.34853125946,4269.78967934407,4278.38784675432,4408.27301065658,4362.23347420459,4286.93874430156,4261.73775062033,4926.44819343394,4979.26810034485,4248.76157153044,4265.84443835157,4200.62602044044,4215.88044861348,4816.53904920582,4728.71385044998,4286.37247609134,4248.36372303057,4218.89982084105,4294.07593606251,5086.79284402283,4941.98183841192
,11,4273.56868886213,4289.14104157562,4227.52339275898,4305.04457606414,4601.68731885127,4671.59078508883,4306.9483467686,4236.58503227325,4227.29075730283,4215.58780185689,4301.14380191059,4283.74231588308,4240.22544915003,4228.73591873516,4227.74308256326,4216.51075363246,4329.9885566563,4349.08436707244,4222.10382617311,4183.40934708517,4173.87157268096,4073.59543652316,4297.36586309603,4275.11700425057,4217.87701782739,4177.99509000437,4155.63090792481,4172.55655388521,4226.59877855047,4312.51319092162,4309.42824039771,4302.90627832005,4217.70012023396,4192.47168425234,4496.95697709668,4511.27685382921,4302.50143466469,4318.47958072644,4341.65880453169,4347.2541887727,5439.14837737019,5134.58951006581,4472.18577878045,4453.02453217297,4478.72655484991,4421.46260529481,5837.23762160951,5981.26589208097,4298.82589563126,4217.55693869832,4246.51287682828,4263.71545331128,5039.40811743047,5046.77419854618,4358.29792279455,4360.0096612391,4357.4026904722,4373.31906281476,5743.99961147459,5881.74203504132,4119.67263769111,4178.05381039134,4141.88249064582,4149.18337614139,4267.65189304148,4275.59089061656,4416.71141320422,4376.36350076526,4302.90024751185,4273.01289374568,5358.75814981617,5416.29999072547,4256.42669255971,4273.92772884175,4215.07916357204,4229.57514347353,5184.68896542077,5074.95334899971,4294.61625255927,4255.77084504488,4235.19300718057,4303.05697363919,5582.13802296932,5370.31971511992
,12,4271.97581362837,4293.91775977384,4262.6488439569,4337.72583336249,4828.01908471144,4904.88007676094,4304.54667122768,4237.40787808908,4229.8666764289,4216.929229694,4303.30591653805,4284.74340387575,4239.11593517369,4226.90094421754,4243.21694586649,4233.90794550361,4351.91891312514,4370.03954822915,4218.41299689208,4190.94844754541,4176.14027200962,4075.90811824506,4297.30181896102,4278.09046838844,4221.49797399453,4176.21494801618,4156.00031480558,4173.75406648365,4228.79448836548,4307.46342882203,4311.13210261721,4308.55222780489,4242.1494214872,4214.21025285559,4611.67699846163,4616.30495196206,4304.49696133478,4323.67882599636,4393.59619124705,4405.77026891053,5888.52877335247,5626.9838949017,4479.28243883452,4462.00589586649,4547.50088980068,4492.78681512207,6468.98760164416,6655.88951984976,4305.62490038806,4221.23777830129,4282.3141042061,4295.28234854143,5532.88721058026,5523.61101506353,4363.54736513822,4366.45811484412,4416.2261220768,4434.28050334091,6394.49206715561,6547.90919104516,4115.40705468762,4175.78102713833,4150.54587437839,4148.02294624854,4268.51752712942,4283.62150030521,4424.83067172504,4381.18462988608,4325.45240768167,4295.26968803175,5975.29806259413,6062.8507209428,4255.10118041327,4276.98934095976,4222.68041260642,4239.03347109541,5764.94928086223,5620.40720391841,4302.33606505921,4261.35773606402,4249.24866650743,4321.41195209746,6266.08014416367,5972.50989213996
,13,4275.99049096597,4296.79972607232,4314.7114361378,4404.6358886995,5222.22155861372,5330.98413729411,4309.48111815612,4239.81770909012,4238.57269985425,4227.3357790136,4304.79576936782,4286.42417419254,4238.30219237955,4230.05783827631,4250.9977009473,4240.70797197932,4389.46657420398,4406.73773203627,4221.01733302935,4184.19036116702,4176.05050564069,4076.17152591557,4298.72840069,4282.84397104171,4224.06104222064,4182.09462240997,4155.66731937071,4178.15944351696,4230.64665358556,4313.29458057508,4319.17146587778,4304.32889008933,4288.45326812607,4252.43074185536,4815.31356591354,4812.57621688528,4312.52654437032,4336.20553341863,4483.94000099526,4494.96988267576,6480.07212063026,6279.02787273657,4490.594768649,4470.13232610268,4683.51494563974,4614.45569225811,7159.29165107979,7373.33053167328,4303.82924725879,4230.45381472743,4346.01458789052,4361.65984583517,6193.32328099516,6159.7823520295,4371.35415251278,4369.4785708614,4526.32647593301,4541.2512583546,7092.58823686893,7270.43585246938,4113.35895057819,4177.32348646537,4151.59817694012,4153.5465848545,4279.61654681989,4288.34274572299,4439.56840056904,4386.94952747683,4349.1615159475,4323.97796384424,6694.05840801943,6812.63282698968,4268.71518205277,4283.19038196878,4241.63969319509,4254.18526530789,6512.83380492675,6332.25546666339,4312.7499340705,4262.02843415261,4288.53846328596,4347.10785052028,7035.46860824124,6664.33453357114
,14,4277.6014431313,4303.1579885481,4433.69809675854,4528.55424791502,5810.25118995089,5950.61289981756,4309.26017097324,4236.89098169796,4250.42754368554,4238.41395294502,4309.89778986299,4288.04863868499,4243.53567266933,4229.11997126007,4281.08977855297,4272.57070579011,4468.51610563037,4486.51524278498,4230.57388225643,4191.48908404289,4182.38194967177,4083.27922529225,4303.3538144914,4282.08764216109,4219.00901077242,4182.31038803293,4158.4223216246,4182.26123445656,4227.16788342729,4312.35268914228,4317.92942483864,4305.37062101041,4374.9674560351,4342.51290809728,5179.63362443213,5164.42908285963,4313.09912328308,4336.15438716871,4662.32871583458,4674.50339814534,7131.29101132972,7019.70468164028,4498.97665010828,4487.86433514397,4940.01076949604,4852.2592720066,7894.59042990548,8147.09041354484,4309.27911670725,4228.22558436921,4466.63583199617,4495.3039811356,6898.59202547976,6852.64614438863,4377.38653599195,4376.60570648389,4722.79998081825,4747.07540843484,7823.80307892009,8024.27416139962,4113.28462044908,4183.73662089857,4164.14463739285,4169.6963702934,4286.80426736988,4297.1690553158,4444.9889069559,4402.22294413289,4403.48979061585,4380.03445846993,7431.41041047058,7576.85136519965,4273.5860141924,4289.73460222633,4267.75729618584,4284.19255213072,7283.51404394322,7083.84800351695,4316.83167925873,4280.05112409516,4336.44969862123,4396.84624255178,7813.51052901806,7376.05353409326
,15,4280.997528446,4303.25116135249,4643.74755966718,4752.23968004624,6467.17836043077,6660.23142249368,4307.10372890455,4238.17092248013,4270.76782676661,4254.7736530354,4317.29349064946,4296.75479970532,4245.11152473923,4229.81034089945,4338.11300467557,4327.59984618469,4611.91660710605,4638.0501261429,4231.15650738786,4185.15824714647,4196.62735370771,4084.85250856498,4310.84847643002,4289.33670396791,4224.40567720506,4182.66539947102,4163.43542689637,4187.68464320295,4230.12684092125,4314.54924504601,4315.79276021369,4312.43891139674,4535.00226062146,4497.04316894944,5729.56899924489,5698.80713980724,4321.32224973152,4342.93498859457,4988.26683930831,5017.61669386872,7723.74461576072,7710.74361507502,4508.41707784025,4495.63381640294,5388.59595134647,5272.22751339068,8629.40390045388,8915.75496567156,4312.95493442119,4236.51798127442,4704.22994939184,4734.7503228445,7582.52399122356,7523.86216316051,4388.23757039767,4387.36456802168,5092.47622140536,5119.36169017397,8544.49317970999,8772.45597060169,4115.53775037097,4179.74968858849,4188.49485295937,4188.36138180867,4307.14027123399,4316.63272560318,4458.48116663243,4405.36277064084,4495.02407851804,4471.93014534003,8151.30827730198,8325.62989758929,4277.49096609717,4292.63201028945,4318.08624058155,4332.51880365717,8030.56258362464,7798.14056575084,4328.13921759468,4287.95496522405,4429.18042327868,4487.67674602677,8567.99045733714,8098.54931236484
,16,4283.84141089389,4314.28940324244,5034.24688537957,5179.35677536035,7216.75163538557,7470.36712173717,4310.54293292248,4242.84780993222,4310.62809200446,4286.27981993812,4329.05331337167,4307.8558787087,4244.87904644673,4233.29915721679,4428.26703221382,4421.63297506792,4877.77616805855,4908.64883723897,4229.81926616649,4191.44206240694,4211.69677697017,4091.56107763087,4318.37799971791,4296.3627236724,4220.12857827936,4176.09378906723,4172.40054588646,4189.68953350302,4227.64591557204,4315.05620134442,4324.95531423692,4318.30526604651,4849.16752604772,4807.38488027135,6451.10545257211,6441.16052372364,4329.9930018813,4348.4908868069,5553.21597672816,5592.86921307246,8475.08333021481,8541.49347911725,4530.56343667001,4514.78328053581,6109.20306361166,5958.32484007298,9487.35201937388,9801.37877607908,4318.4289094707,4245.18256815546,5126.77120230561,5174.44017927232,8380.11955231654,8327.65811184829,4400.30809079087,4396.01796024657,5723.49655142645,5749.13950487446,9376.02613638202,9629.04085699429,4118.01765391744,4179.67169722623,4207.38465694132,4218.57353463318,4345.10365921765,4349.52471071671,4472.56651238674,4417.31434588447,4660.33059609261,4640.88207970996,8997.14700357018,9207.15907141598,4285.17504972583,4298.90315080418,4412.51773288702,4433.67614957572,8887.00783134072,8631.17445898146,4341.52210405886,4297.65100121258,4598.83396388296,4641.6335033505,9448.25204834004,8923.93168016301
,17,4290.43966885484,4310.60501075315,5641.27174047722,5856.97622684492,7988.71314304167,8285.52679021028,4316.94993491616,4244.55657735922,4384.68794639595,4352.6855202563,4346.23776466422,4328.3057143083,4246.50610420652,4233.666710607,4612.89085290181,4618.295375934,5345.65824391691,5392.25901797784,4226.60506064867,4194.93928521599,4240.07832061645,4110.54248260579,4336.67829263379,4313.81273716829,4225.16401397083,4182.61611272174,4178.91633559379,4199.39600856893,4228.38614157859,4314.36701308825,4327.79270913371,4322.11535422249,5396.9116350162,5330.86149927161,7195.81236137258,7211.11969168203,4347.24383764237,4373.65214346027,6361.54986865308,6434.27368466626,9200.84138121943,9370.28040646397,4563.54473822468,4544.14975277886,7016.9552844448,6823.11754394298,10300.5691801019,10634.204629514,4332.47258545938,4253.97779668821,5809.18768958174,5870.16198687496,9198.8531071035,9133.00036057584,4417.87753173001,4421.52983790652,6562.84200873304,6599.35417216716,10184.1320337881,10453.4935582372,4119.64935679531,4184.06219893175,4286.10701943413,4294.34842191511,4418.95027880593,4419.47209391458,4482.96913192986,4432.40977459962,4971.03164955691,4960.77553538699,9818.17332539941,10060.4513327505,4293.86095630057,4306.900210784,4577.61338458368,4614.80753904969,9726.66558445055,9439.22116836026,4353.8646467856,4307.00973570824,4910.26341116424,4931.27144337242,10293.7539570592,9727.0583864981
,18,4303.97563042202,4322.598062949,6460.89359892137,6801.57660354667,8838.63202645905,9211.00473584663,4318.19331199841,4250.90310801353,4540.76002412386,4481.56420729917,4382.74766821724,4358.98277743826,4257.47628973564,4240.11663617652,4967.03941789903,4985.6168176947,6049.09941923738,6100.45251954315,4236.34696656791,4197.18003062567,4303.39191480264,4149.54582887346,4364.78704902514,4349.32496616575,4227.06387231938,4187.60069766149,4207.70761650815,4228.86538270086,4236.78209864788,4320.48431184443,4341.65802338193,4332.21525215396,6213.9373088979,6125.15226481011,7993.02006016455,8038.38217315734,4377.65921720495,4401.69839343922,7336.97458132636,7450.25258541912,9982.06591940023,10262.2845844115,4614.20902968264,4598.61360123965,8023.05463798743,7812.34874240602,11134.3484477798,11485.746584542,4347.97189561015,4275.10015912878,6717.53008574432,6804.54334984116,10047.9110361685,9975.06324808127,4452.73033952794,4452.6974484061,7541.89534433969,7588.25832399062,11001.792577012,11284.16853627,4126.05715263512,4190.8503530972,4418.24761406219,4434.42116066357,4558.78293757653,4551.19885610826,4505.2859749013,4448.98487475866,5528.84951838396,5531.07253192255,10657.4878015534,10927.6044556817,4304.6808418472,4321.39345357084,4906.08000748173,4954.97676588382,10610.4724318113,10297.9564839583,4371.77426476586,4327.68879201272,5474.36065373392,5459.39334855052,11159.4694241949,10540.362055834
,19,4315.03469597173,4333.91519491504,7277.41292577991,7757.85596111013,9575.62078429841,9995.73703067314,4320.201066854,4250.69028539101,4824.95801896882,4722.23261498869,4455.34718715364,4422.83383213318,4259.14581081728,4247.89885451501,5541.23491664916,5594.31397694713,6787.7402511396,6827.56812582814,4233.57352279959,4196.13207204516,4424.28957196595,4217.9545577367,4430.31349717613,4405.00105114914,4229.20548811714,4183.93615596957,4248.39845910266,4262.44897590337,4236.50334978407,4322.88935989939,4356.67450944879,4349.14402753456,7126.81368829582,7009.35825497816,8720.13242847383,8788.41724204223,4432.20938750529,4456.09869514324,8181.97736735044,8352.14296137996,10631.9267442079,10963.9771575102,4705.9181671703,4695.52660132851,8910.50875724648,8669.82186193639,11804.2106837217,12167.6956939832,4383.89000545553,4312.32374115517,7624.26887691377,7710.0105577771,10758.9466824575,10693.0374534005,4516.88479828999,4519.66431046237,8402.00400905962,8454.29351361975,11657.4556662693,11960.3324569384,4129.07787418272,4199.29062161962,4668.6109164181,4707.13713782898,4810.41342792768,4790.98042061825,4536.5998611402,4482.45668801681,6341.84751457531,6348.90663988351,11351.4062374286,11648.8621747823,4318.53317246076,4332.56324217587,5466.76349074486,5534.21539931165,11332.5782065232,11013.2567093202,4393.75146748483,4350.51892981242,6272.3993885162,6231.06371198415,11856.6684499427,11219.1636650316
,20,4338.25381441321,4362.37515587027,8239.00639752084,8876.20360973803,10485.2140986382,10957.1770162181,4336.02568975739,4265.45241209945,5333.70939301838,5166.00960276166,4588.29731348944,4552.17935867321,4277.01854814817,4260.89259020845,6389.61405801523,6502.74951613025,7674.80940841515,7713.87069500802,4245.77922665888,4206.3936508965,4658.64895791401,4351.6580244754,4558.50610332458,4528.09956487201,4230.90765552145,4188.99251265271,4341.28692036554,4351.72431950304,4242.56137383383,4330.44430515068,4402.29442687804,4394.80932130083,8185.99195239268,8030.15643397158,9656.70249499517,9746.27767131354,4541.9057778771,4559.51899814023,9187.9015257123,9396.89200172336,11385.1557548789,11840.4529807286,4890.30781050419,4878.28175121639,9920.1434665485,9701.86830680324,12589.6631310358,12977.160139757,4457.7882177214,4381.52918744176,8635.73503267874,8741.23840169426,11597.9190286618,11537.9768252995,4642.49342197836,4637.79841163064,9410.33436111225,9473.17192081546,12419.2049915022,12722.3116524047,4138.98624260447,4205.98196240305,5130.679410422,5211.21851389966,5276.92669460363,5232.24466570204,4592.86999256687,4534.32458652926,7403.53987807566,7410.76639428643,12149.6243250165,12467.8645093053,4344.45495625036,4359.32607252956,6347.99354146641,6435.93370829268,12179.141506141,11828.0265566298,4449.57160267651,4400.70278920362,7312.40263537809,7247.23627334077,12660.8076318059,11984.1714290751
,21,4393.01546945463,4413.86050125855,9088.4575821262,9843.55276750857,11194.6871794404,11714.237360206,4363.52376062991,4285.14082440349,6079.18313839217,5860.87979876543,4839.98126369885,4789.09688997626,4294.68579863941,4281.87814717959,7297.63336999029,7463.59455347221,8459.20245251142,8488.06180835535,4253.6823493909,4219.41889302167,5079.40615697927,4607.98376129879,4792.23526722957,4749.22119922582,4233.94719378095,4190.04954716507,4508.33179853989,4514.45035521395,4248.48296271922,4336.00160013422,4473.12682499802,4469.02673939227,9118.70405523553,8929.36793310648,10430.2959755713,10550.6804627473,4741.75085976812,4757.72192552076,10094.9097062632,10295.8524001789,11987.6670359365,12530.9120819195,5232.57770482789,5224.58272081946,10826.7328653274,10556.4578714063,13196.4709900432,13599.7340288628,4595.94675205973,4511.36875057985,9535.4638495061,9645.59292750318,12265.2979821111,12188.5661998758,4874.92157804956,4866.42162211682,10278.3847470892,10347.3372408314,13017.2617683654,13347.0701768581,4160.80411253611,4229.25042348798,5884.56518986683,6000.95289847001,5974.54364385618,5872.59343806981,4687.50981839992,4620.55253053525,8399.18453610251,8389.37176633601,12770.4079873992,13120.9709849952,4384.87533400456,4401.31084174222,7331.25991219794,7436.92287357432,12823.4320359717,12452.2894895308,4533.0090917299,4483.63910359741,8202.43915738475,8187.17299791318,13284.1900778916,12570.9766536966
,22,4490.58904877559,4511.32529129018,9953.73200781792,10846.8990996108,11930.7852217919,12488.4485322589,4409.07218889846,4330.63666358073,7018.50534010048,6765.97229479552,5271.57606364556,5205.86963810008,4333.84838582574,4311.48557128371,8217.87647301544,8464.74520992105,9319.94239960217,9360.1617018491,4282.07041900305,4240.27851438424,5770.05717802753,5012.73096574313,5208.29832238894,5148.47352554044,4238.37739672725,4194.50423414112,4829.38976433273,4827.1007734763,4259.83157059587,4351.88694678683,4610.72111673281,4613.28812634669,10078.9399219606,9854.45749683492,11215.0337010329,11369.869196175,5104.76589924072,5119.49236289416,10932.9032312321,11210.3805825695,12581.7363801285,13180.2004909753,5818.63004305907,5805.9451742376,11678.5230553188,11406.0473280134,13802.4504870196,14198.0197800604,4851.70101954457,4762.3279907195,10431.720656896,10564.8277770312,12896.8071855761,12852.5728360558,5291.73613409517,5283.32742774802,11119.8974775314,11211.4619957114,13597.8949612209,13931.1256881246,4200.1201521647,4273.57187393154,6876.44198544237,7005.90306017723,6815.96417924864,6624.29243883786,4872.84992122321,4801.35298413721,9392.20985802457,9361.90434440765,13388.5892407831,13740.993170937,4468.58265801159,4480.35216070065,8317.29596715139,8438.85049381492,13477.5027407395,13084.5270033651,4697.22780554239,4636.43933128502,9120.4160732315,9126.21379407806,13917.6539059113,13178.5116658041
,23,4678.47346759692,4698.95935215283,10851.4281413577,11881.8099522379,12672.0133367842,13281.4464345268,4515.7590977068,4407.64995701355,8069.379938669,7838.51475088365,5939.20420946128,5864.23136103897,4415.33181781458,4399.85368111086,9254.63949857193,9563.90695667029,10303.8250756313,10324.2776602881,4328.28227065928,4283.20828113995,6755.17773108673,5555.27983193006,5862.29885586935,5791.20445693317,4253.52702348395,4209.99896041343,5412.03957538522,5388.60152255157,4299.69847339476,4392.27215837904,4889.68619284735,4898.71794370642,11078.8110696877,10830.6657746281,12050.6713374642,12233.0359305627,5760.30875280542,5770.49217610985,11838.0133587673,12130.9813425702,13208.0597321758,13870.0468120602,6726.1146575296,6702.97874367025,12518.9424132849,12278.5806326298,14437.0349973062,14823.3994686173,5329.48080730756,5217.6756728428,11341.8974916775,11476.8440546957,13561.9434172869,13504.5822096193,6005.87161883575,5989.31303671465,11980.4022978618,12077.4220587795,14194.2661676529,14519.4742534181,4276.65380307568,4358.48765894363,7978.72058117391,8101.22564583268,7700.5220431286,7432.68882713264,5211.85751357926,5116.01903270759,10420.9321102605,10397.9007812618,14025.9815209476,14387.3578395683,4613.92154918339,4619.57934162854,9335.25328964084,9480.53553920164,14120.5522202807,13712.2482854024,5005.24213800943,4927.83227403437,10074.1499660637,10129.3196315076,14549.1997192003,13764.2144980095
,24,5021.18621508703,5057.24805156044,11589.2992203879,12733.816699273,13267.6545072252,13920.0142650542,4703.30236314269,4562.13544675179,9009.76820368019,8794.63889221553,6666.19648533664,6607.89863836808,4564.70532251292,4542.67784860048,10190.755784821,10519.2844299408,11119.2192803307,11123.3524639603,4418.33128314216,4367.97921570717,7782.13217699125,6106.09539846263,6622.92824485725,6554.51251893947,4270.26239967966,4227.77649464026,6221.0559922842,6224.93724525088,4357.37861367629,4451.26373385344,5380.13083214725,5409.24443364061,11918.5993312478,11643.1845012667,12712.8425678238,12927.2343739556,6649.73159849849,6642.54623933721,12579.5309631256,12888.6517604227,13699.7893611435,14406.0926990145,7711.53728507596,7688.77315173782,13259.7894272935,12979.3738435451,14937.4057603647,15325.1472458351,6119.79917408826,5943.41726719094,12110.9192136063,12271.2861213867,14107.2263929516,14059.2526326883,6916.19246068226,6910.21429463866,12702.4360699267,12806.8038363515,14681.5434276545,15019.5195998215,4427.82666091761,4516.45961726764,8974.44694863108,9101.75520234249,8511.21124336945,8188.36353630516,5813.14674951924,5689.75989928779,11345.070553774,11295.5726693853,14531.3874507714,14908.74591369,4894.84149027265,4900.85517380634,10258.5595215047,10410.4587978139,14651.4184318164,14225.5663834771,5547.93713132118,5449.7990223773,10902.9694872418,10999.6563950132,15033.4954632093,14247.9061167325
,25,5611.10479762297,5662.94031866238,12304.1929581755,13546.0569332027,13842.8098238221,14510.3762489766,5062.65366683675,4868.17392814734,9973.52571039805,9794.85553411677,7417.26402314136,7367.36226638964,4853.18499391528,4839.53739130202,11091.3018188052,11467.1853979732,11926.9549105654,11944.067202866,4595.26236694672,4542.35977160479,8811.72461374826,6640.95967307901,7388.53089462994,7339.47923509287,4313.87025937278,4271.25138792016,7186.53933090878,7229.28229968817,4469.49188248284,4580.42049703542,6184.15329878069,6234.71933975127,12729.8611001038,12425.7836189216,13379.9435420723,13597.8334923399,7614.32157866862,7582.54842711921,13229.5077340456,13621.8064377006,14185.0926746845,14927.2031594339,8667.23321292948,8654.95136316375,13906.2932944217,13662.9964692338,15414.1696215628,15810.1132626377,7147.69490720947,6849.53730687208,12835.8649344733,13001.5768040055,14631.5165832246,14580.3507168729,7854.14154193877,7868.01188673407,13385.902180528,13499.7090667667,15163.0088519681,15494.9531471774,4723.93332881095,4835.14150244205,9960.40614824694,10083.7739176522,9398.10680713682,9000.54662206353,6740.88345161244,6570.88918968639,12236.7823477315,12148.6443877946,15022.5712535,15402.3398778038,5406.93095103575,5404.40865205584,11153.1039196676,11321.2720457789,15166.5416774745,14732.0786007855,6403.19425565316,6255.22447299892,11691.2562160914,11808.2607028894,15537.0403995225,14723.850202383
,26,6423.97141480575,6532.00972541566,12951.3347934098,14290.9337546167,14368.5518350763,15078.7766703485,5699.57804006902,5413.75445396258,10895.0231357839,10766.1253304992,8206.77590116161,8184.36414619026,5370.93378335809,5355.13763527716,11924.2353049239,12365.3870636434,12690.4316128337,12676.0782618736,4930.54341487674,4872.8683524325,9832.86849365046,7179.83733478621,8198.73592400319,8154.09337550908,4384.10909070729,4343.62174593847,8157.54382677058,8282.10742125788,4682.52123267116,4813.4686990987,7179.03549793099,7266.81359777097,13436.5035471744,13129.8726403365,13969.9431793072,14218.0970026648,8527.79943116507,8470.43611798905,13887.8824554374,14259.0804234705,14590.5579392225,15384.9847457601,9637.79638352587,9607.76152209973,14526.4859058727,14255.8443024964,15842.6865829002,16256.3344159954,8181.93022017182,7749.37540499577,13499.2679008678,13680.7350821294,15095.1869828429,15059.5487324676,8749.73832426748,8788.29022671347,13992.8489799056,14114.3726665389,15603.5960752268,15930.3329379145,5257.58209243282,5407.23931720615,10880.6636065437,11017.7503298514,10278.6640388654,9795.62303008365,7796.37560582484,7592.53391253646,13002.1581124781,12943.8685340883,15476.5333040338,15868.3778478642,6219.1288977408,6216.67150371967,11972.2416073659,12150.1233006846,15623.0700881848,15168.2497352879,7399.68386542573,7217.12876363658,12426.9622588409,12586.210556087,15987.0539151164,15154.2672450535
,27,7308.03268458525,7477.79494588987,13527.664289267,14951.0310804728,14837.649434666,15592.3242629796,6616.85840358859,6261.2979232412,11743.0523079056,11661.1039522508,9019.06182595072,9013.79759533168,6151.20975844742,6148.66682804134,12647.7527887547,13138.1958625694,13381.8090211323,13361.8337745652,5520.83355822088,5439.32761922701,10832.2967258588,7693.8814719427,9026.78117854633,9000.11733420828,4535.44070145401,4493.70414474261,9124.43871075936,9282.6056055469,5078.6173481063,5242.15503111278,8159.28332236795,8286.52353277738,14104.4751838818,13773.5522080304,14509.9856224611,14794.3693711109,9445.01898518208,9366.96104944276,14472.4080628108,14873.6027976868,15023.1734423305,15868.886345654,10569.2696187181,10525.566498235,15089.5151639527,14804.3684975763,16271.2873610335,16667.5612678651,9164.97339333918,8621.83766354259,14098.1893078859,14305.5489713441,15538.3046695593,15500.1095924742,9633.93397011476,9697.98718124084,14537.4747618862,14681.3816809939,16003.657675343,16339.731762447,6112.09503157805,6257.63560122033,11761.3488642404,11905.2770665627,11120.198957157,10571.8086018764,8799.04929405169,8548.12153716995,13726.8105587509,13650.297638986,15879.0233288976,16293.565377129,7220.19563137783,7211.35602411318,12718.2857529332,12917.4331678118,16059.4754923914,15607.7921324526,8332.70556716688,8115.10534478309,13065.3568622383,13271.9639957552,16393.731513597,15549.3964831515
,28,8148.89284764746,8375.17371393979,14051.9741930881,15542.1230572139,15271.5472024335,16031.1357663466,7654.76829915366,7264.93087452771,12512.2259126331,12473.9023123226,9818.62595939995,9838.10969302902,7064.96553806472,7068.65192965513,13357.9876234802,13863.4403593135,13997.9125689824,13940.8822832973,6414.8875804208,6314.5745972917,11719.0884228988,8171.28645689961,9848.43526233256,9841.94835277534,4821.78165992162,4787.56543653359,10054.1534629469,10261.3859117391,5758.74484596764,5947.08955887672,9080.84023330635,9242.14843153923,14691.8674131021,14334.6523783453,15015.5063403869,15303.44282189,10307.6191583239,10192.6852378944,14978.6934670061,15390.2006386004,15414.3363965359,16292.4487405626,11459.5227345217,11423.9544146351,15576.0378272839,15306.5011524948,16640.2340790413,17036.922580724,10118.7485764879,9467.56525119752,14619.2991184473,14819.7203622284,15925.3004174651,15901.247954557,10484.5022774802,10567.8950646701,15027.7658361828,15170.8279176712,16345.5608626997,16698.11403262,7128.2839918001,7243.46258027345,12534.2036064905,12676.4740913897,11902.3318680493,11299.4328807354,9727.36478299028,9455.45515034731,14362.9269807836,14266.8875299708,16245.307505333,16665.7736449191,8162.38069141812,8143.13374403389,13393.1052792622,13598.0539316174,16452.9751541745,15975.2784839395,9223.66109875534,8971.03046131831,13663.6992282725,13882.5388134663,16771.1159382202,15913.7729379989
,29,9012.31677142745,9300.2778304665,14526.898839346,16092.3060741662,15687.1458279033,16476.3206143109,8658.45411560305,8287.37112559779,13213.8930668493,13244.0566421133,10621.9358704192,10656.5806122558,7967.02160672373,7985.34980406671,14003.9762124214,14503.769319498,14560.108188398,14514.1176565426,7456.43148405971,7343.00030366844,12610.9416559435,8631.278350932,10675.6808568313,10686.1731992804,5337.64827421249,5320.08242351072,10963.4631349366,11221.3739009522,6620.47753907512,6866.86078496822,10045.1661812087,10238.883235808,15252.0545888949,14868.7097749488,15486.7193791173,15783.7722232276,11172.2090554775,11040.9543622152,15482.2858353731,15832.8491880445,15765.5095876031,16644.6879063023,12287.7847141783,12256.7630371588,16062.8195607983,15767.0413757793,16987.0299047376,17399.8851088452,11085.0291257215,10333.8119871591,15136.7789020076,15347.1105632784,16317.6658973219,16286.5632183651,11322.8632846713,11429.3210938537,15516.9196216939,15657.944920846,16707.8926354742,17047.2644914979,8138.1356314116,8210.51462583253,13266.8860383011,13395.3397601177,12652.2825038777,11995.2344628458,10716.7849540722,10395.8766151762,14979.7004808644,14887.2710553677,16618.1860927897,17036.5640723333,9064.77472983743,9060.51706887588,14012.3558109589,14239.8689713257,16821.1969676058,16335.9437606763,10101.7492900097,9813.64803124363,14202.6892061414,14445.8772211272,17149.9820758278,16256.9084841161
,30,9892.7594003472,10232.8844538096,14967.7128005594,16592.9137822273,16078.59799929,16880.547180163,9649.17681791401,9272.74344352426,13877.3290871503,13925.7938279086,11360.915970404,11439.5862720479,8857.57555469921,8880.07232710647,14576.5404362508,15103.4932663826,15116.5505696444,15028.5683575753,8505.94314577312,8348.64688817608,13386.6536497943,9060.65550119633,11481.8478012192,11484.1982650892,6157.81688122363,6129.81683819524,11793.6210216682,12107.7902782156,7495.78737751936,7814.61260804316,10972.625472948,11183.9913386056,15751.5126801082,15362.2822953061,15922.3726752132,16235.9168356039,11962.9636155542,11835.4101105809,15902.1580355258,16314.278631233,16106.152765983,17034.695050322,13083.366455271,13026.5341107225,16457.6374169919,16189.3637078783,17344.633256051,17726.6589259973,11957.451178765,11135.7144614453,15573.1718934462,15800.607883942,16656.9093129162,16647.7096530914,12089.5753092066,12207.0687140946,15935.934230751,16085.3725470987,17034.3384203448,17369.2155888877,9096.78130538882,9108.59893397465,13929.0402000123,14062.832512664,13353.7012463682,12640.8753602804,11662.8281804027,11319.63712278,15516.4006139526,15423.8558773967,16955.7527746995,17391.3970063258,9973.92273161088,9958.40629759775,14592.962264865,14822.1497537438,17163.0648119222,16675.0936282047,10972.2307313567,10673.7812351906,14681.9116892583,14976.5750004321,17467.078316599,16568.8791534283
,31,10709.7371101434,11088.6848222316,15356.5179778989,17031.3795068774,16403.9828500233,17233.4227174997,10609.4390610401,10230.1482793083,14444.5850557598,14555.6742209862,12045.8000717924,12128.0777206639,9718.58117422262,9773.12153193203,15077.3603017128,15607.6728054967,15567.1620483584,15516.026181442,9470.38580537128,9283.54771611396,14076.6642043807,9451.27126947074,12189.9678545064,12218.3238080021,7114.20906670182,7087.34380173409,12557.9970424058,12883.8254161824,8334.9740105388,8709.17897713371,11828.729801604,12064.2994618061,16193.5440321542,15802.3899038661,16301.4012375594,16621.9943720004,12661.769542533,12535.5037240276,16283.1191715729,16721.7271457306,16393.6087028123,17350.4650924411,13766.8474897597,13701.5033388781,16835.6595029128,16581.8753620985,17619.6034738751,18019.9325402081,12763.0327109245,11865.5303529987,15996.0553534785,16231.0498364661,16974.7199147681,16972.3569338245,12783.479953926,12922.6594422447,16319.2694102161,16475.7362011258,17324.0152025397,17666.2634280649,9994.46943092808,9965.32418502197,14525.5548835974,14644.0673618118,13937.356686615,13213.5123432299,12497.8491400627,12123.6362805979,15980.2573988988,15885.0636065011,17251.6017545424,17673.7838983616,10835.2549600776,10819.9001949137,15093.0977769868,15340.4994722384,17478.0409638361,16970.346693716,11731.6652485949,11456.3688520439,15128.3241180084,15405.2251947501,17764.2679435651,16857.154673557
,32,11460.7916992197,11923.8489754924,15718.2809709615,17441.1155368456,16715.7861754844,17580.5703877089,11530.330570883,11160.2220099238,14964.105329847,15131.6812980836,12695.5556199142,12777.3545071526,10565.8752172315,10623.7407665001,15576.0133702711,16138.061694352,16012.9905490069,15917.891907618,10452.4080373209,10259.3839517959,14701.4781386314,9820.35645092707,12846.7315136428,12889.3494852398,8063.52327676838,8012.69176963258,13255.0870713717,13613.4474111292,9234.83734705322,9672.17620704313,12606.2318921095,12881.1000832725,16611.7882026651,16204.7942870318,16691.8430689488,17004.9917863689,13331.4707542132,13192.2980554277,16618.4930944383,17085.7180313945,16743.6826702115,17642.0685485122,14414.0660663639,14344.5230396662,17204.2994579376,16940.2430428938,17912.3869253472,18305.0067611497,13498.0786329243,12532.434398449,16374.2583276367,16608.172808014,17280.6098175474,17279.6534413071,13408.0775858788,13564.2885306827,16675.9169591109,16831.9914473317,17599.1304098509,17937.1124908836,10865.4878135391,10799.7356962354,15068.1537167236,15217.9139830373,14515.2011271588,13766.8641233476,13307.9149690035,12881.1583017621,16472.0926660713,16342.1861613623,17551.4943466064,17982.7015226177,11645.8890334958,11638.1780140165,15567.7179252311,15821.2471762328,17765.3036756206,17252.7009335068,12463.5868800607,12159.8100604239,15540.8820079102,15858.6884326077,18047.9381025695,17150.1617726756
,33,12165.657382666,12676.3719803856,16055.5359024985,17834.8295776766,17040.8553698497,17894.4984667269,12378.6457261163,12015.5903811811,15433.2040812584,15651.5911595856,13277.5274625719,13372.0825900968,11366.1509880845,11443.816508533,16039.2931074503,16607.9857335809,16427.2278642435,16371.1666357313,11392.0515217858,11174.0426788667,15261.2185526958,10164.2091360917,13465.6987574461,13511.6144035314,8982.80755518135,8928.72779405395,13897.8605257291,14285.5053647296,10145.101763928,10633.3441234691,13325.0617546659,13630.6594915988,17001.0306536649,16570.4570904407,17019.9959802496,17360.6241141883,13914.226050427,13786.2894052553,16966.0771266499,17395.4458711324,16997.0852027077,17948.1379027232,14964.8955383298,14902.1698394896,17528.4977502222,17268.593592053,18184.6069690263,18568.6845878414,14167.5432857802,13134.2474973223,16721.0894603398,16940.3642028236,17571.9818930294,17560.8223859209,13964.7581213714,14158.9394475797,17023.1888075169,17172.5179584721,17878.4773159839,18211.8587282329,11681.6557667928,11582.2399214683,15545.3641451071,15705.7225318151,15024.7694046369,14254.797890924,14003.08509436,13586.546901028,16849.4132616183,16752.7377923789,17830.7897312187,18248.0978983786,12391.4210137839,12375.5928033374,15981.6841920668,16253.9442653267,18027.0339385718,17524.9854453177,13152.727326539,12819.4706072359,15923.2778814651,16266.7274938725,18323.9135097815,17385.3357105875
,34,12811.3648902395,13347.8638595537,16366.767860979,18188.0413702034,17312.073315107,18197.9505383473,13145.6476904441,12819.1031487632,15876.7817576513,16109.4532174483,13794.6152762009,13917.4415554734,12098.1057275953,12213.5837491222,16413.6374449258,16992.60592326,16808.5445908877,16709.709846502,12211.3918563829,12019.3463038506,15806.895519046,10487.0564811572,13995.4141712156,14071.6734699709,9898.23740739932,9826.33301914737,14469.5633347762,14889.1707498799,10997.6966850637,11522.2828789921,13972.6009222983,14288.1521052281,17358.4698267325,16920.2347367227,17347.675341059,17684.4824019157,14459.1998024263,14296.7559700222,17331.264971083,17793.3109755631,17250.4552785814,18245.7779802696,15495.8104439037,15427.0607493075,17860.9616434797,17575.694140774,18451.3546696692,18813.4142039873,14783.4141024639,13678.2998730605,17051.9268793125,17276.2588004773,17830.6061261236,17837.0662426295,14498.4885208426,14689.6287920119,17315.7798141751,17484.6492494986,18108.6740688269,18450.6863936389,12413.7186989228,12258.0120262892,15994.1657778768,16133.120212916,15505.3549586542,14685.8270460251,14642.1225734718,14225.597210507,17258.8996051349,17107.2280896608,18062.64095932,18503.8613348991,13073.5791504571,13068.2719786894,16387.4666351754,16646.6437460482,18291.6311697888,17773.7888643401,13734.4056333064,13410.2409405276,16241.9422517328,16583.9311907886,18558.8146125124,17631.142711915
,35,13386.8208611596,13982.6658355061,16680.8617039859,18502.4295877506,17541.9884678061,18465.6898696216,13814.7840314284,13501.73914416,16261.0458161989,16538.3527794922,14285.2265214725,14405.234309242,12755.1134156184,12865.8295324917,16793.9527202489,17319.7276466967,17134.3691998313,17071.8105657699,13004.1362948437,12790.3754576326,16270.3457542903,10807.9046570883,14526.039741882,14594.7401534607,10782.5566541397,10680.0692366893,14985.4950739576,15397.9599983619,11786.9792052061,12364.0681437181,14553.3708969839,14891.4277546053,17674.8003294062,17234.6507744337,17623.8568227693,17979.7213043742,14919.3053486342,14756.2504764374,17562.4344475436,18028.2748225867,17494.5584363125,18483.1176167928,15936.2962514401,15884.7179387918,18121.5223219562,17833.5484687366,18670.5261151344,19059.9643026643,15296.3458613308,14174.0264892336,17331.9514539788,17585.4102150466,18060.9678262364,18074.0049709059,14952.6507006853,15156.0182272205,17593.4777941505,17762.1664408055,18332.7646816813,18664.067586992,13078.5921592011,12909.1263869362,16401.3060207057,16527.3418957565,15935.764205019,15091.560635181,15246.3822593654,14786.679420573,17552.3872756071,17466.7596431314,18304.1316894516,18710.2603050794,13681.2870673577,13671.7201696777,16720.8730055577,16995.0360002902,18511.35146796,17987.3849131549,14277.6525220081,13947.8519121517,16564.8418032616,16937.9981817521,18818.9606655244,17852.3454970677
,36,13898.7887063667,14546.2704557455,16917.8086599129,18782.0152596847,17761.6937046003,18682.2013976473,14436.8660473969,14149.5676021211,16625.8262207803,16918.5199410591,14731.7842458241,14853.5817360201,13370.1381492618,13534.6676879039,17093.5868451124,17735.9923085047,17484.4645747416,17359.6026718129,13734.6894446805,13517.6953014385,16728.13754812,11086.0012540414,15011.6411103843,15087.1747614121,11622.6857680825,11517.0719620273,15443.4901632212,15899.6091078378,12519.8931614408,13149.938647381,15079.1444050365,15442.3373282704,17965.0509509826,17523.7190578611,17912.7115885083,18262.9502290819,15359.7747289013,15247.3066848261,17871.8955841625,18349.7019588954,17749.4713702221,18724.0065252355,16380.2247061344,16290.2434443958,18377.7606451123,18121.7856968544,18911.0500467362,19288.1081548036,15782.8772577211,14606.4295644285,17615.8887707177,17858.1294368126,18298.448097983,18304.5669417989,15383.1133800056,15595.6868650462,17863.0487500877,18012.0996188845,18547.4702314923,18886.0694345813,13670.7294164521,13510.9758570428,16739.3627111056,16867.6333057159,16334.7489783998,15478.4746479457,15770.9695386025,15334.7168477353,17889.7201683976,17767.7477187346,18508.3238137078,18940.7594903464,14258.5901839738,14243.0943712569,17063.3335861329,17339.9611289879,18760.4668068917,18215.9255656109,14766.2597332322,14449.097028972,16839.950090912,17213.1938945841,19015.6514075897,18069.7788039866
,37,14369.3007237245,15048.1920470855,17183.2637507175,19070.2709623223,18015.886996287,18958.8747327929,15016.2074231927,14734.7267016025,16964.5385273603,17294.1306916674,15131.5048586249,15278.2152386405,13890.4509672965,14048.9803713359,17418.7363022883,18059.5128450982,17764.9443886317,17641.1063873925,14349.8265069736,14133.4742765052,17124.0309872322,11338.4537680571,15412.9104223213,15516.4831290816,12353.21595092,12236.2301919654,15852.2556359014,16328.5027114557,13168.8264943284,13861.9017928788,15552.2077226722,15927.3297164013,18237.8255383691,17785.8758985118,18148.4173213657,18525.9037697361,15754.9813409874,15629.7851897701,18095.5043098367,18575.8866854931,17943.494830483,18878.7278627487,16745.739686693,16715.8188863788,18621.3293078028,18357.5393561212,19111.1520586527,19494.7687517509,16216.8220392112,15012.8727013182,17855.6260985453,18102.5953663127,18514.7948510193,18517.1324159215,15794.3242386848,16004.2968205178,18115.2059478601,18275.4182049318,18755.6112044382,19114.6340027187,14209.4053609584,13976.0320283593,17091.7516626686,17233.7913149463,16671.7721738866,15825.827578202,16261.3067216791,15784.3921825437,18216.7668174744,18024.347924629,18713.9331091001,19160.8426155062,14768.3129812709,14760.2223618194,17374.4710919044,17645.0787646816,18963.5044097325,18437.1173086457,15173.788866707,14878.1558960075,17134.1977193919,17505.694565487,19220.1097524978,18273.9008729356
,38,14799.3838018638,15509.2662609928,17413.1074765678,19320.34812669,18236.0508223589,19152.1885822751,15509.8257422233,15254.8742194743,17280.1954762605,17623.3996589516,15523.6958031983,15671.6201164012,14398.33848035,14564.2016921354,17721.7654499293,18357.5581447125,18080.8314402453,17932.7351165983,14940.2746524738,14694.771590237,17499.6351307694,11605.9408359063,15824.6086320029,15928.3714342191,13077.4587012416,12928.3011115203,16288.3458199014,16750.9339544594,13785.1799846006,14502.6592779556,15997.8474771215,16372.3248550426,18505.7631760987,18032.6938155013,18402.77177148,18775.0712705582,16133.2233217951,16019.8226494776,18341.2553415138,18825.0918755438,18180.8883844421,19155.7713849535,17143.5091350151,17061.9391000353,18868.9377004226,18578.0193121306,19293.7609859951,19686.5836100851,16643.6267646631,15389.2976358898,18109.7681502208,18354.2199593251,18729.1818844748,18727.057978553,16161.3513618861,16394.7397074726,18335.7972233262,18495.1101483251,18956.1588027822,19300.750089012,14682.0996611769,14458.7520666817,17384.3017616999,17517.0464326577,17072.7809670288,16174.7716415489,16717.2504053114,16238.0512215488,18461.4663135864,18343.155141287,18928.2360146306,19338.6011609835,15232.4254661367,15209.5576569546,17652.3721862009,17947.9761548829,19184.113088014,18622.075669499,15633.189955489,15306.3229116744,17372.1843730707,17774.0234748599,19407.9799697768,18449.6867272201
,39,15201.9807015107,15947.930610998,17642.2872268614,19593.3907022551,18441.2907864853,19394.2589343564,15945.814440234,15716.2254636161,17574.3403500405,17923.0393833758,15883.8848713702,16025.2927231578,14846.4526180747,15066.4707383438,18020.7484710362,18635.9167675482,18301.6107068082,18211.2186206303,15445.5819573561,15246.5640636681,17828.2163783555,11841.8415813136,16183.7977421251,16295.540723349,13701.2015051106,13527.0905752995,16633.2799358166,17122.533182434,14329.8521710191,15081.7242752262,16391.3447585204,16787.9965414594,18736.2871743148,18265.6540026658,18622.109736283,19002.7285035118,16445.9275310964,16332.611749961,18579.4890364897,19051.73775229,18367.8167384111,19344.7189443163,17482.5251230946,17416.0763865094,19085.4619650788,18793.0026151648,19491.1641116341,19868.4909347836,17007.0647558147,15714.0676289772,18324.2133181628,18583.4590587756,18911.917255031,18924.2844991322,16470.1118341474,16720.5916736825,18535.0835071985,18714.8926509648,19136.9674331123,19460.8312431635,15138.1080883812,14897.1019674246,17700.0542080126,17863.499793472,17401.8328045413,16499.3182995961,17117.5857331749,16566.3591782944,18754.2747103361,18586.1815969286,19082.1891005026,19508.6991592029,15652.1160002393,15634.929719937,17932.3064930206,18215.5545128357,19345.205072159,18811.0341338054,15984.5838794633,15669.0126693729,17607.9775598376,18013.0812419639,19592.4278636439,18621.6882616713
,40,15570.9721043312,16344.3292485224,17816.6027738348,19793.7627657032,18641.7973773364,19570.1275415095,16370.3102773236,16147.3763022744,17812.7838703436,18223.6719038103,16183.0182374859,16350.9523066354,15257.2946056292,15503.9834958528,18196.854364505,18832.9110932198,18574.7012220788,18453.3323064774,15895.7371192191,15675.5665359319,18111.5409122152,12041.7587892075,16495.8245982006,16636.7415788298,14254.6101040377,14080.7966656848,16966.9168936958,17466.6677278034,14834.8297221201,15620.5252327308,16757.4066882759,17158.613854846,18980.5425772842,18487.7272873944,18841.0281401596,19215.8557718173,16770.3528033858,16628.9238449096,18772.3597565048,19259.142849253,18534.6975958575,19552.59273234,17768.9702066805,17633.9488501875,19287.9864276374,18988.7839885063,19669.5235461948,20040.5127733214,17333.4409331122,16065.1493116557,18525.4900366645,18801.8364337593,19089.896690946,19114.7307996108,16779.7332778032,17031.3461224558,18753.1500835335,18909.7802419732,19296.7162564945,19639.2459191973,15532.844824585,15274.1080604246,17990.7799664897,18138.278474825,17707.6054120237,16769.8360180167,17489.0031930018,16927.7416846299,18974.7521937071,18818.895395404,19257.7240803856,19694.9615038253,16033.4431950761,16015.8624819056,18166.0769613792,18438.6003674793,19512.8892558848,18970.253824899,16322.3690684972,16011.2500276427,17821.5140349574,18242.7718952113,19749.6521132407,18775.3125613053
,41,15902.3001240289,16681.3011395417,18009.5427034496,20031.6172687767,18802.7344082047,19763.0210311421,16771.5562846779,16528.1827005647,18063.0506962013,18493.4636901314,16495.905320596,16639.5394704105,15625.3268599774,15872.0771449123,18500.6174126789,19140.1141793757,18843.7893310496,18618.4849100101,16352.3460073059,16106.5136801361,18412.1645202315,12277.7117976466,16821.3690941952,16953.3975974132,14787.0046901997,14594.025179867,17285.6579408983,17783.3637855648,15297.9872172244,16143.7389476163,17099.7188073971,17520.2929026,19185.5047877724,18696.9582712488,19052.9204378176,19433.86480697,17025.1470976207,16876.0103695576,18946.424553979,19371.2218653514,18695.5742732556,19659.8058868505,18050.1649557479,17961.7928197959,19456.5426426163,19177.6228602274,19832.8258855431,20202.592926392,17647.1857754942,16314.6341884601,18697.4888562251,18969.0176565621,19240.7951354643,19264.0025716493,17053.8550270653,17321.4454043991,18934.6244597894,19108.6043887619,19459.7541652992,19798.2524065259,15877.2288449315,15652.5356160414,18191.5050466512,18350.58598837,17926.6345690075,17012.8809100678,17819.5952406594,17295.5305637847,19161.3205329192,19033.6364068165,19446.522941073,19847.244083439,16366.0521221999,16366.3424212948,18389.9592482527,18683.2432818326,19676.1887071043,19117.559373559,16643.5328722828,16322.6319923973,18020.8609615911,18443.8636631564,19906.5084601207,18924.4353132891
,42,16204.9209390971,17003.4685039601,18183.4086147416,20200.136548329,18943.6630839667,19947.4646829143,17106.6658665671,16891.4649487972,18315.9467820694,18748.7391462234,16761.5482763425,16932.7483830563,15958.1799786512,16239.146119967,18688.7997202146,19332.99070461,19024.3524876145,18854.0714049869,16732.4792039371,16474.17562837,18687.5933901696,12477.0910223313,17119.5959106811,17252.1649114915,15229.3311410721,15028.0596507297,17546.6921360394,18063.8494113185,15700.8452767493,16596.2602854688,17391.6867150415,17820.392924447,19369.7837933432,18872.23573199,19220.7486130599,19605.0090102188,17306.9008173167,17204.9456961096,19082.2229543031,19637.4538973192,18900.8707257769,19862.6549749105,18315.8491917033,18221.6525418496,19644.1259906222,19353.3254515517,19969.4659235508,20354.6651356064,17967.045076899,16591.9119644177,18899.5451182275,19195.8435928853,19425.4932795312,19442.3082115489,17315.1316057783,17598.1613158446,19092.0292228477,19279.367225573,19601.128406118,19963.1737081353,16248.7513783615,15979.3311769502,18461.1064750977,18595.31062412,18220.0390243717,17267.1529374202,18122.56822224,17593.0274733763,19409.020136088,19242.7750538707,19571.4364545231,20009.6675031868,16692.652857674,16684.8604150061,18603.3170928925,18898.7089681113,19840.6363097682,19271.7728479557,16923.589630866,16609.3485730908,18196.7190251965,18612.605664261,20060.5668118311,19056.4673647929
,43,16455.0360451862,17283.5533897091,18313.5990039258,20373.6701177119,19101.6126315256,20086.4109404284,17371.6096739405,17163.3618767669,18498.9980005998,18952.454039816,16985.4655291948,17152.242505181,16259.9337909458,16506.5270710608,18908.977613063,19538.8462082155,19215.3691449629,19041.6825136509,17045.9665848111,16805.6613464722,18902.4698816559,12642.5220273075,17353.442051016,17483.140882871,15621.1684087684,15426.6116604855,17804.4509573424,18333.2698906879,16063.8746134395,16980.3017784614,17663.0792330565,18096.3333521917,19560.535155426,19052.6942523713,19380.6098190547,19768.3442895739,17502.1139370822,17391.7178399075,19282.4287607712,19756.8497154595,19020.174890441,20031.2886330117,18511.9938706331,18436.1264844102,19775.7408336561,19503.1317484333,20092.9444978192,20484.2493461987,18197.8190034698,16807.6216419057,19049.9752325024,19340.4580492585,19556.2962902476,19579.9433821793,17548.2246310939,17815.2134800511,19263.4851948637,19450.6042754244,19724.7347496809,20083.2504038244,16523.7178499528,16244.156162079,18616.8222113288,18815.7297345288,18423.9420610089,17513.2431015684,18409.3816723058,17839.5978771425,19593.2182870311,19439.9848657351,19707.4067759331,20140.467994337,16978.9630303392,16967.7010245836,18787.2302971621,19085.4252375524,19969.9780490077,19408.2087561013,17153.7555192162,16851.4076477463,18382.7633070012,18835.180093236,20196.6272450954,19184.8167736244
,44,16718.2725438699,17565.3912218637,18474.4192543705,20536.5566205447,19249.2101635361,20231.7820979375,17679.5600047193,17478.7980153816,18696.0807809196,19177.7799149166,17223.4300945704,17399.4791592178,16550.1641215498,16822.0822528436,19085.0216643682,19702.1370817937,19382.1139997735,19247.2941589419,17357.9988735024,17133.4600550426,19115.2404616189,12828.7244990112,17608.9748202566,17731.9290707989,15977.8736818153,15812.5421047637,18023.6355254269,18567.766419993,16388.7357989905,17388.2122723437,17919.1842744313,18347.7148110567,19718.4091463784,19206.3666303851,19540.2171553231,19945.4842075905,17758.8648420442,17642.3910739146,19451.1941847429,19928.4491659318,19187.6180461139,20202.7018045433,18763.2164438477,18666.3919953675,19924.7141595659,19674.6672207476,20229.267209018,20611.9598066781,18438.4726903705,17054.5535387025,19227.1738339033,19517.711551986,19709.2126393871,19744.9091714193,17773.1965401021,18051.2658189956,19423.2101486675,19603.9200122665,19892.3132708795,20239.6458471758,16810.4696883621,16539.1736244347,18795.7361270742,18954.4455255683,18670.8482501194,17731.002197064,18674.3580899818,18105.5385921215,19733.1945294581,19588.7345453476,19852.7431589767,20273.5195240389,17247.6931396438,17217.2562367564,18972.831298242,19267.2647567855,20094.6326637028,19533.7797695594,17370.1340030316,17087.1585990393,18525.0598156669,18991.9722840204,20322.8604461356,19303.2945933748
,45,16949.2095213001,17823.4522011548,18623.878426062,20706.4328906721,19381.0257385995,20395.4020107793,17913.9691936901,17737.5233039929,18867.529676092,19362.8243289542,17454.7904533145,17641.9314928961,16802.1404999955,17050.3039849854,19286.7480026439,19895.4533401144,19556.586182543,19420.005687636,17624.58407408,17430.9064849988,19354.3786373213,13002.3108609335,17840.8101268011,17980.2730082835,16342.4050238114,16153.5027659544,18260.6273025632,18804.0806081346,16737.1808448778,17733.7140563165,18174.502245679,18611.8725100572,19891.5304213884,19374.6223439723,19709.8197608182,20109.7206189536,17952.163240955,17841.229012619,19563.4392235428,20048.520420828,19331.1021812614,20271.7033118715,18936.990808018,18867.2300150467,20097.664820545,19808.1522640503,20370.9571486266,20757.4214994871,18645.3751901212,17233.6803548927,19376.1954809904,19643.4355920255,19848.620017716,19843.2466695818,17965.143835212,18269.6478479089,19563.5763119122,19741.5379418545,20000.5385161877,20353.9840925981,17055.3442310194,16802.7506365049,19034.484841915,19188.3581555785,18867.7544492531,17927.3473389194,18936.8412554855,18380.7399729379,19909.3765302154,19772.2285721236,19969.975617838,20394.8406199031,17506.4216615122,17481.2852136273,19151.8456130041,19467.8768977878,20233.2357001073,19655.7632658381,17633.1609722137,17286.5325586151,18676.8821403105,19134.7390752683,20455.6189831599,19439.1845699649
,46,17195.9831898154,18067.8780194919,18759.4969010552,20868.6111574468,19516.9028213657,20536.773112263,18201.7050003081,18020.8878052305,19068.3603526183,19557.4350394686,17698.5321253493,17855.5909893509,17066.2665975133,17385.0333484937,19395.7897108259,20030.1041624836,19720.7283063873,19573.8564151197,17939.125800702,17726.3749781301,19554.6912022913,13184.3163330415,18073.9068110552,18225.2127367027,16692.3983087556,16488.0495588825,18483.2984159129,19050.2955164722,17041.7388236644,18093.9848810894,18412.0053160568,18851.6660426117,20047.3398891324,19524.3314309692,19856.9143228444,20249.2920943585,18156.3595636493,18058.210640887,19725.0515796579,20238.4523839885,19457.5415447816,20443.989001566,19140.498512531,19102.1781355883,20215.1134651668,19951.0043260866,20483.5547433834,20874.8124756931,18851.6252609131,17465.2219055776,19502.3984765403,19788.683298815,19973.4051725439,19999.7581562853,18186.3312751799,18477.9033351255,19718.9855239591,19886.9161193305,20121.7151376355,20482.4055576229,17296.0885950669,17052.0692103275,19191.95762108,19361.2370461332,19047.0329058179,18128.0994727485,19171.8399074374,18620.5851501977,20070.9575091,19933.1326385806,20110.3878105194,20534.4016215501,17745.2459389521,17713.3115099877,19304.6470129856,19620.1236867871,20353.6347606533,19775.226913284,17876.5021485998,17530.5728072297,18820.0956689819,19260.9201056443,20572.3189035195,19527.6304081372
,47,17377.9737999305,18251.3722338511,18885.4603699556,20971.5274010581,19610.9384033809,20639.4655219822,18393.2362811162,18212.8630381713,19216.2746096131,19720.9626964259,17848.4079038858,18034.7129552936,17258.3098831507,17577.2798105565,19582.407049489,20251.0555521304,19871.0856698232,19751.0149462521,18170.2253228242,17941.5023105916,19713.2475124476,13336.7991216855,18257.651722466,18394.465124475,16944.6647698254,16732.1199696178,18675.0157582574,19215.8073937268,17302.3361753792,18375.6857378973,18602.1911924741,19037.8628866324,20175.4193160308,19662.4812777623,19973.2030027222,20373.4498148202,18308.1939555396,18240.2982432772,19817.5155219094,20371.4485487403,19563.3772213583,20549.7109956849,19348.3837620707,19263.7736016967,20308.4734454776,20055.4173768916,20556.8045542022,20985.209480914,19045.6347726753,17635.705560593,19628.4620119738,19914.0360944737,20087.4780796957,20096.3595210536,18338.7823027191,18638.2355029248,19830.9073455573,20021.6357322084,20224.2033452701,20582.0538681649,17494.2152052352,17258.2738798207,19285.1971282683,19521.173426886,19201.7985364389,18291.0642719995,19400.4512445077,18823.6774027498,20211.457993601,20074.3503869606,20208.3673993936,20614.8556288557,17948.9239876161,17932.0020550743,19462.543507718,19764.4986882166,20455.0614632192,19879.5740523416,18018.4540791535,17660.7007736714,18963.0391885871,19419.0687339742,20673.3174206629,19632.1828900866
,48,17574.5133655673,18486.9004821783,19009.7024465653,21127.3853270819,19727.7629873313,20786.5465725632,18638.5389384382,18470.6300005251,19365.3123775211,19896.5916402489,18047.0837641459,18223.7027267588,17496.9821376595,17823.1315870929,19644.5378389994,20390.7979408429,20019.3827991795,19871.3565547782,18425.0231859031,18223.8309883409,19919.8937119058,13491.3526445333,18452.5101516233,18616.4145243491,17234.8859460142,17022.4372705201,18857.3501458414,19418.359536704,17562.7848106313,18677.816857033,18820.9272388275,19282.62475009,20331.1527874316,19796.3671414766,20112.0998719488,20530.6070603031,18504.1333659149,18394.6232993486,19943.822682021,20477.2495209211,19668.0827029605,20659.9207188152,19509.0517587977,19367.1635401777,20462.052187902,20202.7140993372,20721.7360490641,21111.5545037874,19227.5069324949,17844.1966736318,19761.789806683,20062.7129999124,20207.6434075592,20224.563635118,18557.4396814536,18845.4618135498,19964.9763378906,20153.9574400387,20340.5237892613,20703.5333959409,17731.2783961631,17474.6627456398,19520.919065755,19683.0548154071,19425.9789268954,18507.9205080384,19602.2142717666,19024.5786351248,20335.8012649671,20228.6849661291,20327.5153928294,20738.9279143909,18160.4592146427,18158.3035166866,19597.5479496161,19926.6157712379,20569.8109598683,19990.025976037,18236.5500872177,17920.1879306405,19104.0257064023,19547.9600117734,20779.1271316462,19720.5952692499
,49,17756.3012653961,18652.2606280813,19117.593591766,21240.7197749213,19832.7170374303,20896.7566732358,18841.868288348,18675.5976117776,19510.9123948954,20067.3779208369,18232.1806241401,18417.6690552979,17702.7069666856,18023.5996861468,19888.3765570963,20559.2341731817,20182.3048927241,20040.6364064789,18666.9238472379,18422.5727090018,20119.8485185797,13651.8340446978,18644.3157956888,18801.9089351498,17512.6059383834,17293.1938634731,19037.3981896843,19619.4186016415,17824.41917065,18958.0296245768,19015.7012370211,19465.6227159302,20478.9380121848,19936.9799557477,20251.1662863682,20650.6596138627,18633.1657867712,18578.1597617333,19991.6720569012,20610.2794936802,19845.819372098,20811.100947181,19686.4434657873,19600.1704620354,20572.3269059955,20337.1838395525,20780.5234541668,21212.2836536752,19397.8447896962,17973.534063864,19862.9181510524,20173.1375773499,20322.0792301741,20320.9732215962,18698.4016239956,19016.6502376087,20082.1221567599,20265.459390496,20438.2781171172,20805.5249938529,17932.4692030913,17610.4381797229,19678.4143708437,19836.2261595179,19610.7362306381,18615.09913335,19791.2413936369,19163.5692424798,20488.7010886329,20381.7543501347,20427.5395660563,20820.6045881751,18370.1636293103,18347.7591078336,19747.1754857502,20067.6007270923,20684.6127926102,20101.4095484425,18395.0554655735,18108.6614879435,19244.7786487526,19706.2653600561,20875.2718292569,19834.8139182574
,50,17926.2894408723,18844.9031606205,19225.3496874579,21321.0844339127,19935.7905836645,21010.8823135844,19041.4809160833,18868.9219391213,19666.6991451802,20220.5306780179,18393.049217272,18581.1132238388,17889.1736268106,18207.3698662482,19993.6814218058,20704.1699387842,20272.1218221963,20166.30849015,18854.4233062537,18662.1716407996,20288.6881614969,13782.7321276225,18816.6457315149,18984.5905175898,17718.3404023903,17509.8555225311,19181.4954422245,19787.7375163911,18039.6474178698,19189.4651711134,19181.5548340988,19630.6017641552,20560.2223576373,20044.5387357497,20354.6866411173,20777.3080698371,18781.2219428661,18678.328345455,20146.0817824838,20742.0617958257,19926.5230508138,20877.9688450775,19879.6124318856,19771.3497970507,20679.6329242182,20423.9149318596,20861.7027164703,21304.0816614073,19575.793486272,18160.3646683541,19966.0636890625,20243.0952886409,20415.3531456055,20427.8644841859,18869.5469328695,19162.5526154217,20189.4396288341,20362.5550495338,20511.853422078,20899.9795083762,18107.9540575165,17802.232812267,19846.7490279474,20012.9809220138,19778.3385068489,18770.0252373639,19976.2754734004,19413.9663801011,20622.0024069144,20477.2407135092,20527.4665888733,20934.9491509298,18544.3515900609,18529.5992159023,19886.7316574456,20193.418992353,20793.7335683798,20193.2125400601,18622.975889607,18284.4440692484,19350.3441962558,19847.1795441346,20989.2248278935,19935.0160370614
,51,18074.0252941261,18999.0818586121,19296.3155432141,21412.5616017522,19984.07449506,21065.0544491586,19196.0173520399,19019.2442739706,19781.3597113132,20343.6169201738,18560.4185810837,18742.5790714519,18039.0282335121,18353.8989633053,20100.9216099636,20747.26391055,20398.1238264051,20256.5514631939,19054.2767809692,18822.2808922545,20372.7592983162,13895.6003715675,18971.1177053252,19161.7896432247,17924.9898911955,17698.9450993794,19352.7436163105,19919.036119238,18233.7873667706,19383.3371596114,19345.5225196085,19782.7739194795,20680.6337324172,20140.5252782178,20465.9184397059,20867.8102511397,18915.3646388224,18817.602054439,20306.295687292,20782.914186974,20024.9935212449,20963.9172508905,19987.351479579,19891.0055328677,20741.4882375204,20499.9635841199,20952.2300949726,21399.055189484,19703.7280602141,18282.9696499923,20064.223315809,20355.8308875036,20487.5423446094,20502.9366757456,18969.5298100522,19298.3696053369,20265.4926202715,20443.5741611104,20598.0364340486,20980.0013988827,18250.2349929023,17986.5144110945,19964.8813796972,20113.0613427663,19891.1207334186,18924.8467569235,20157.3386129766,19534.8393388732,20714.9454034622,20586.2746114451,20604.0226899082,20991.0808971735,18700.3463797349,18686.7648226791,19973.5214098111,20304.3104241543,20853.8226038779,20258.3438716439,18740.521212227,18402.6296845839,19420.1105876553,19915.8362226165,21056.1463774899,19985.6113946353
,52,18217.7936188901,19165.8012897987,19384.6869864143,21512.6143726401,20054.2252484625,21154.9305413479,19347.3415904777,19165.4381470967,19862.8365445333,20432.6469998369,18689.021961191,18832.1395191924,18187.3813605042,18551.6616672738,20218.466295164,20886.5862625286,20526.2550239788,20391.6696105987,19240.7461123431,19028.0191460693,20517.4340860902,14013.2145614025,19127.2177162092,19289.2463374871,18129.8166560568,17944.2180920028,19505.757264201,20066.0676606755,18454.0607839742,19606.8082889709,19504.3641799401,19947.8818105716,20783.6363514597,20263.9432111749,20586.6249847154,20982.3445986515,19059.5374809107,18991.8508643766,20368.2602752024,20949.6000592449,20142.2851982843,21098.9204610176,20130.0757383392,20018.1720649664,20844.8767596318,20620.1414445143,21058.2421016641,21486.8052887104,19841.9457155617,18413.2206089624,20144.1025923322,20427.542351885,20604.332779621,20593.5176128684,19127.8823789235,19428.5602525482,20354.4100971056,20527.0198389474,20659.1341749266,21042.348236148,18382.0583047744,18099.4133587722,20015.2218622041,20203.2568019879,20011.5320664874,19017.0829587947,20253.980657744,19628.7722371165,20807.3987571836,20676.217689366,20657.5680754332,21081.1014497432,18870.3358300801,18842.1611489241,20062.4253549392,20387.7275964697,20935.0438318788,20340.5092567707,18807.2014916427,18572.8498400046,19538.5228735566,20004.4393480656,21143.6306951457,20084.4492065515
,53,18376.5161825635,19295.9405578856,19511.0723274392,21647.8175485037,20186.0851911697,21276.21525635,19532.0858987982,19346.2536024681,20001.4006879714,20588.0005779079,18842.1827407108,19009.4726874492,18354.332183186,18730.3099162959,20318.9741204647,21042.8546613911,20601.6616225702,20471.5507192586,19389.2855197165,19191.0412015926,20636.1623240558,14151.4303806494,19274.3587670369,19427.7760935106,18329.176311411,18081.0600842887,19623.2713478306,20201.2306933756,18624.6628324515,19795.5723294404,19632.4538211034,20078.0533385548,20880.201444399,20364.9815744298,20671.4717108557,21073.7306220209,19187.1278015907,19120.7436169065,20428.4754803218,20908.4947298155,20237.1460066734,21185.2386474136,20272.1169731013,20180.1784431244,20906.2056671725,20681.2390267683,21122.5321625364,21570.6289108549,19991.3944820562,18570.5341924121,20236.0711592938,20499.0255976385,20666.7393948642,20653.9572755916,19245.2036075269,19566.1899118891,20433.7539514636,20618.4976306396,20751.7286303492,21143.8600531583,18547.3384597606,18270.7862067421,20134.0326769202,20328.0507827665,20168.4553957742,19205.70071635,20436.2724121995,19830.0369991079,20923.4711264713,20805.3512888761,20792.1117797398,21162.9416422335,19006.3647144445,18975.3360969023,20189.8446653917,20492.0793297076,21033.969433867,20409.1971881567,18979.3952612926,18635.5998889499,19620.7809008581,20110.185905012,21221.445042429,20135.3550992083
,54,18503.3145828019,19457.4199895293,19542.7842815452,21688.7570529071,20267.9920551511,21345.7739434562,19657.0645013155,19492.290635503,20103.7388813902,20694.5847028517,18968.9827234336,19147.725734196,18496.0744271353,18831.5884407753,20426.4466842329,21122.5053693204,20719.6365527511,20581.2934658624,19532.7906679205,19334.6018544889,20741.0998294323,14271.2565028412,19408.8691895848,19552.7155012539,18493.0808450467,18271.0691157939,19750.3587393491,20323.7738072647,18790.2147297203,19979.6825335975,19765.8896558819,20227.7339187342,20969.8881210572,20456.2006571975,20732.2303290102,21149.8962089985,19283.8246096453,19200.8201501701,20520.5545477606,21065.5022010989,20322.6434134687,21248.1606132403,20365.916566803,20302.5473189034,20952.3476773381,20767.9469093658,21181.1359524023,21642.9458516979,20120.1650931721,18657.9456278657,20313.8701350989,20591.3256583663,20766.0534320987,20729.1755186081,19393.6757344806,19695.6980156022,20498.0819494792,20684.2780322495,20821.367459389,21200.1343349132,18676.6326362058,18417.2124303418,20244.3089678231,20437.0845207751,20267.5361023839,19273.3604860349,20546.4980614188,19969.6465515944,21007.0498979013,20875.2608214447,20844.3520317076,21228.0249950832,19155.351813817,19120.5380417924,20286.2398891926,20589.7955602463,21119.6561108437,20492.104420592,19129.1481968352,18813.7441588038,19706.9439058351,20228.3958628467,21308.4675303748,20218.7996617865
,55,18601.562816227,19541.9354745632,19626.5066030599,21789.2781648896,20320.7097125767,21417.7789779975,19785.4118775302,19638.2137050791,20200.0521589183,20801.4723663659,19081.9499737401,19262.7026924854,18624.9867975881,18999.4130921073,20480.1395954327,21228.2677414544,20783.8925970846,20683.5643440924,19689.1663840668,19479.6552789755,20893.6712963408,14382.8246530564,19519.2243372858,19679.6426443382,18681.5126156054,18422.8348454695,19856.4969428498,20421.7907011724,18940.1008731079,20130.5881858695,19870.8477702384,20331.4125924204,21029.646453194,20522.8310161184,20827.7011649433,21231.0100988601,19401.2363608332,19306.3477678188,20523.0439546324,21091.748195379,20391.8675587525,21330.0786433271,20499.3337919542,20418.7738017554,21032.8480134137,20840.0627208776,21253.6017778998,21697.3378593711,20208.7502007381,18750.7997200393,20355.8964741891,20655.8181578856,20846.4100727153,20814.5426235894,19501.5747954794,19835.8369355061,20578.8505886893,20753.5868430444,20901.4727057981,21302.6707864259,18820.2410145124,18554.7482912021,20345.8429415584,20575.7868592439,20413.4415315777,19391.1303040058,20713.3944078957,20110.2561437712,21107.4137472856,20969.1305502586,20921.8968947063,21296.5295130143,19278.236881259,19251.2235411876,20367.9289072687,20644.0883723024,21173.7311541931,20561.8703851736,19227.9486196198,18908.5799425308,19808.1211989009,20274.9652921381,21362.4801135912,20300.0246478337
,56,18771.9525374518,19712.0812146441,19658.9817012315,21859.2021192437,20411.0359895453,21505.0411900833,19920.7285671578,19763.3193394995,20286.8312021619,20892.3450514617,19191.0035965621,19387.8600560506,18758.3767533534,19110.8755616417,20560.421178979,21271.0580292457,20905.3924695047,20818.1179479104,19809.6479558863,19636.0142279274,20976.9604980204,14493.1879696301,19636.689147443,19800.8850340199,18842.6897838647,18584.8370529941,19969.0868720376,20544.2661637659,19122.9114481002,20300.4017947646,20022.6498645224,20463.5173623258,21142.0721577181,20606.7853205556,20906.1984084059,21328.5522681075,19527.6973791097,19441.6537684865,20595.012707695,21179.2752612089,20518.9074741959,21418.4812904314,20591.3915437474,20519.6502824309,21100.6441641876,20910.7426469766,21316.0834988665,21774.9925711669,20333.7369150021,18863.1970856185,20432.7014296729,20733.6852144649,20940.1888083944,20903.1879044821,19603.8214520328,19937.1188338817,20648.4694388799,20811.4950841983,20972.284814555,21359.8575369386,18930.5117433767,18630.9579564711,20440.5178116042,20641.4560401741,20537.6708747336,19462.564836909,20790.0141843434,20197.5644782443,21148.6495166144,21044.7845794385,20988.0859663962,21360.1358257218,19409.0083200479,19366.4838108493,20453.1649557569,20734.9795706757,21238.2509293763,20641.8765094925,19323.0700415865,19055.4852587221,19872.9453514201,20363.561548601,21421.5235009479,20358.4345820135
,57,18830.9750767355,19824.1952655263,19735.8066733116,21933.6422477039,20461.7466443667,21582.7082123739,20063.7260788082,19871.4969591499,20389.534199567,20993.056656487,19292.347230557,19489.9473552599,18881.0742135674,19186.4717072546,20650.8835731238,21309.0314097063,20971.8094720221,20852.4654010998,19943.8154689105,19764.9651275902,21068.5032151206,14590.0133374337,19741.2627365987,19900.2652536536,18982.4493875784,18730.7219291497,20094.0427744461,20649.0182609629,19267.3527042503,20454.447624982,20133.2982049123,20586.2808701782,21219.4655184955,20708.713701502,21001.9417379761,21413.3856555883,19605.1066027713,19524.7866774228,20701.1517770949,21345.433678668,20538.8125548456,21490.2459697453,20683.6116989736,20647.1210349458,21166.083962578,20950.1837545205,21384.3387223108,21854.66772127,20415.7496200822,18937.9577801388,20489.9729867897,20765.0200520685,20973.4501302082,20951.1633384574,19719.6038290336,20009.4442818447,20692.7893069261,20853.1540748615,21030.8721418642,21414.4630596394,19054.7613140776,18788.3530391597,20557.8241922439,20698.2906783377,20619.1538835783,19596.8376963012,20921.9342732436,20327.3837650489,21217.6168586374,21106.6744361186,21043.0102190022,21422.3770116347,19505.8593982693,19479.8069553845,20522.3320628641,20809.4515053733,21329.5067134986,20701.7161991357,19376.0483235498,19158.26280325,19937.7888341161,20412.5494638505,21511.7788430892,20431.5948201086
,58,18940.201853531,19958.7699664598,19783.4169400604,21970.7318976888,20550.9661322723,21669.1898820286,20147.1922888277,19998.5211530947,20445.4135995963,21056.3074067371,19401.2212780926,19594.6056264712,18983.5268250604,19316.974108129,20725.0099452435,21459.1607902018,21058.2592175701,20933.4535060999,20090.8666524511,19859.1760030074,21191.6859293201,14697.692201187,19858.5906014277,20022.5580024861,19139.6776865849,18867.9734713284,20165.833773453,20728.3215943396,19396.4269711962,20585.7535114236,20241.1538386061,20699.5111271677,21284.5519856396,20777.7427344554,21067.7697265885,21484.0349188529,19688.5863802768,19607.7505328166,20747.7401905068,21331.3470894297,20634.9466276165,21484.2349143785,20798.6792172478,20715.0289010759,21232.6233664581,20987.1338723614,21441.2856645971,21907.6812148359,20501.4188404374,19018.7305750824,20535.4154826029,20816.5466165401,21048.7111972399,21001.5140380705,19796.7370431124,20127.3265771397,20751.5482057244,20923.2603062091,21100.5822798778,21497.1897124569,19139.88403557,18852.6305898414,20553.9135684435,20726.9313975544,20689.2115103423,19685.4791188635,21043.9029059404,20448.6702810654,21306.206721585,21172.7672566088,21113.5384279672,21506.6252505126,19626.2772917225,19550.3456589054,20593.4426008553,20873.1285525187,21362.885018683,20756.0085820599,19469.1489429582,19240.7817282578,20011.8919720533,20446.9314769625,21563.7843991745,20482.5607920561
,59,19038.9982934369,20019.7912658042,19854.9830152242,22031.4308478363,20572.9743316182,21719.9947850254,20249.6371769808,20091.0241508175,20511.8716946231,21153.7890665512,19473.3295391192,19696.4363711154,19077.6343319428,19426.7059270267,20793.758361243,21470.6322976478,21154.7714528859,21027.8209825154,20147.4646205162,19964.9772854938,21242.4455075936,14764.0465849476,19948.5102414521,20113.381844252,19227.7555867833,18997.9498889482,20249.5384164915,20832.7875022775,19552.4357816683,20722.2081694913,20328.7406479372,20779.6530918228,21359.2653312641,20853.0654095802,21120.0473646803,21556.324930034,19753.1113062148,19677.4443638898,20809.8983913931,21387.1567387895,20728.2864208095,21596.136752607,20846.6800980751,20764.764208434,21270.1993310487,21066.4773670963,21508.314833137,21967.1626403685,20584.9211276118,19095.8081980145,20590.0178985906,20898.2062704843,21133.4564532203,21082.4340172606,19878.7466279126,20216.6884830043,20812.7169863716,20984.2284697867,21154.9353490541,21556.2383568677,19243.4763751531,18954.9891008769,20637.4212030906,20826.8866665837,20777.2431295293,19771.7247492441,21118.5627111392,20554.8153876822,21388.0040963924,21270.2769444521,21176.553713796,21540.3940843318,19727.1357611398,19652.8659710407,20674.3269286976,20935.5966576931,21433.0722370079,20819.9227907098,19524.8468901818,19279.0499958298,20040.3578551375,20532.3167491651,21608.1874009218,20529.6057079216
,60,19115.1375981217,20148.4095601136,19860.7334288149,22071.8752682517,20640.0611688125,21794.20255607,20350.240525643,20181.8816654341,20586.582734236,21205.2639396251,19553.8509368773,19783.6952410667,19176.1349774738,19557.6837425983,20839.8185506406,21576.9411818943,21206.7596976994,21107.3988880476,20287.5142032968,20050.2221106532,21334.5595227222,14833.1547200701,20038.5897524397,20201.1432864025,19377.9636707745,19098.460052369,20308.3242518937,20868.9359912149,19668.590096882,20835.6089896744,20417.1098914495,20841.2875677992,21405.7612730422,20918.9012983513,21184.4541433359,21627.3164412226,19848.2214226576,19808.7081057939,20824.0202710528,21395.4267244023,20807.9470517666,21667.0219958792,20903.3048398389,20864.2867109191,21297.0766996404,21131.7210273298,21565.3924653515,22041.8661082938,20696.8695962081,19157.048880366,20637.5196980277,20919.4793037833,21170.5823118505,21140.249205303,19959.3508964454,20284.631543206,20868.4836276086,21028.6529951205,21212.3162115842,21603.4165398203,19314.9468643886,19077.734954726,20734.8425892397,20891.5911472993,20895.4306432397,19839.5282769548,21229.1673755285,20610.7426382798,21450.1346023783,21320.1685442069,21236.3639141492,21591.7400652214,19811.4395666373,19724.2206742835,20727.5674666831,20989.3505852662,21470.3726102414,20858.3682258851,19580.6090849859,19354.0141018597,20071.5751265896,20624.0963608793,21664.3951602067,20613.7395330065
