,Cycle,A1,A2,A3,A4,A5,A6,A7,A8,A9,A10,A11,A12,B1,B2,B3,B4,B5,B6,B7,B8,B9,B10,B11,B12,C1,C2,C3,C4,C5,C6,C7,C8,C9,C10,C11,C12,D1,D2,D3,D4,D5,D6,D7,D8,D9,E1,E2,E3,E4,E5,E6,E7,E8,E9,F1,F2,F3,F4,F5,F6,F7,F8,F9,G1,G2,G3,G4,G5,G6,G7,G8,G9,H1,H2,H3,H4,H5,H6,H7,H8,H9
,1,4709.57397246689,4711.21375029842,5144.68326631467,4775.45025642217,4704.70485435867,5074.1622284892,5556.42352762191,4971.16702030993,5000.59514504705,4706.27700246594,4658.74722924155,5021.29281034255,4711.95892955425,4616.42765252895,5128.96556430103,4726.01904193792,4623.60269372426,5166.90907358327,5461.67280314913,4863.38892175026,4923.12484288841,4625.50575010704,4686.25730138394,5144.31242780043,4794.15950024786,4691.79841291299,5141.78603293964,4648.95353049161,4700.14912204646,5277.45443212169,5555.74464912368,5056.5234885413,4945.99898770121,4915.51623999992,4905.30913705937,5610.59529549378,4710.37312380932,4717.06439287638,5179.10541480136,4688.89578866378,4684.2863714312,5091.22483712539,5487.50210796628,5020.12103922823,5042.46855232661,4809.26692544235,4631.20074545975,5142.68719838377,4684.68895835345,4634.08088161559,5229.08505671304,5363.46009558554,4915.64183542996,5070.35748892749,4606.7259948409,4579.6312162658,4853.7506302968,4579.84782657504,4549.39272832139,4785.363084678,5138.67641738567,4839.22806813227,5002.52806371901,4686.1894452614,4558.27914379902,5069.63933684149,4651.79593743763,4667.23117657348,5234.7922289349,5272.56826660081,4943.17851668878,5173.07019212782,4613.26519901282,4589.20748066035,5133.21070965462,4655.60790671384,4621.46054818423,5157.86811297588,4170.42133907901,4866.56074604307,5401.48606900257
,2,4772.9736251267,4739.1084898696,5232.05808496096,4830.40286628886,4737.13909267262,5152.38061239094,5656.85737584111,5002.6431328437,5036.37227411545,4720.69791049236,4677.60284351062,5126.78128776717,4740.25453444988,4639.66119859459,5203.37034092995,4762.77591049738,4644.24198196609,5255.11580221032,5549.6909834867,4892.72204634131,4943.15199786826,4626.65147332386,4699.56522896249,5212.00722917954,4837.71320328227,4718.30877290447,5213.68863882349,4680.46639627096,4734.69191798229,5369.91245025988,5639.12337257089,5091.59078327655,4970.20011277487,4927.19855554678,4920.5220889644,5683.73041680113,4725.19398047744,4724.74009986647,5219.40442801736,4705.09223017926,4694.30177847644,5131.31677515854,5528.80525620198,5039.64293839411,5057.83088521869,4840.00228976942,4649.69998086032,5199.61848524124,4708.80508081577,4657.2202548104,5278.15885767906,5413.55883829868,4936.82634560169,5091.66168000993,4611.51803665876,4584.72537768724,4877.63229800003,4593.05769879509,4557.70528468071,4805.41957877734,5154.50447219696,4841.57163326455,5006.08611004084,4707.36494276432,4578.19587303609,5116.72802902855,4675.82863342024,4691.14981936284,5288.16169448341,5315.31116896933,4966.15788597605,5191.24878886121,4641.92862995061,4601.58917004344,5194.11136768354,4684.76966566523,4641.6421414352,5221.77249530632,4175.56882071121,4906.81595822472,5457.92346721092
,3,4799.62324135984,4755.3588815688,5274.59548564151,4863.57902786104,4760.14546284107,5194.41365839948,5731.92912641181,5033.06038992561,5067.54859207019,4735.93039812391,4690.83361440035,5180.4379000766,4760.45307823675,4651.66808233271,5236.48712105715,4787.28560162413,4665.72115810289,5299.63067342365,5612.44696054507,4918.91663002793,4979.34960787241,4636.01553840068,4710.59689944808,5247.1218642445,4867.29956581915,4745.00474384939,5257.22554263858,4701.05172377692,4756.475983657,5420.09519481689,5709.20429714898,5123.43622146339,4997.73101358742,4945.59876949019,4939.84511285958,5747.24725693086,4737.47203349331,4736.28278317551,5246.42930747339,4719.41311911408,4703.68509592182,5153.26453368306,5572.75550460315,5058.20161722867,5075.11873443407,4860.15169345738,4666.10706871808,5237.93305543342,4724.61713693058,4674.47069230445,5308.16163241043,5464.05372749712,4965.02007688344,5120.19076694599,4621.46877569686,4591.77273580046,4887.59835150418,4596.76016927127,4555.60806436272,4818.86589858356,5171.46656470972,4857.14036277953,5017.40341526799,4716.86888271681,4583.89453217195,5156.00969875934,4693.31364111861,4701.73542725265,5317.07205571182,5357.87407883563,4989.60489843421,5223.19071977385,4659.70122676156,4619.03398841257,5226.27219178775,4701.03943986581,4653.17279239289,5246.95650795079,4181.51518574475,4929.22847548644,5508.5771192888
,4,4821.65694514976,4774.24456946924,5308.98501403858,4881.13976441224,4776.43561326102,5230.82776542242,5813.98621974249,5070.04836337049,5102.17310285226,4751.91688909652,4703.50546980665,5222.01783519694,4781.72988155832,4664.4767011003,5287.18447224567,4814.4761712559,4680.10641763562,5328.90402186227,5693.24081763708,4951.0133000077,5003.02177858457,4650.02763764218,4726.8283754056,5275.04897411989,4885.48563171036,4761.08034314873,5291.36197256984,4722.79348084928,4773.3540006147,5457.36318282268,5785.91444733335,5168.86019540697,5023.88471157567,4970.83322597039,4970.58957130057,5828.88634705014,4755.06715439192,4751.8744013614,5269.24386278663,4732.54821548051,4715.35946958598,5174.00608561312,5640.84784214732,5095.73430573574,5104.22095651004,4880.86069774503,4686.21438831915,5266.56919334251,4743.23772594891,4682.89310203382,5343.2201081253,5536.02549691387,4991.39906626612,5156.94349004506,4628.57859162895,4597.42855249333,4913.46612961135,4610.87857417632,4568.13678250435,4836.65277437718,5205.0926669934,4868.40575510123,5038.45424688024,4730.55647449754,4603.66915776491,5181.89825175933,4704.88478242587,4723.9868044102,5356.53999503695,5417.51786094195,5024.92914487324,5275.72825491203,4674.77949067921,4640.77355817979,5251.375136986,4715.30727197185,4668.67586368699,5283.96652453257,4180.46974482088,4962.89756668737,5577.19787935892
,5,4837.59476695496,4792.11981321073,5342.77742861184,4913.40838500302,4801.86600600582,5263.61156369694,5925.71703456816,5118.57494938875,5153.94671779493,4768.52451762511,4714.41673743822,5256.70164490816,4800.55551286014,4676.92444437931,5320.58217316355,4828.88590686793,4699.19601033225,5375.39392112014,5800.04393850616,4994.48284794052,5050.54677162209,4659.00014187437,4742.91124369539,5311.52980320928,4903.70099362625,4780.55164807036,5330.17769201159,4747.91119297559,4796.04759864395,5497.08866796731,5892.41856216451,5219.06706044841,5066.41754659993,5012.42480518438,5009.73539195162,5954.15272885192,4770.91258062789,4772.21061767493,5303.89766593308,4751.82304000947,4734.04081924845,5199.88485912301,5727.00307736723,5135.07785961713,5152.15090967412,4898.19723473673,4704.3008368349,5303.55384810448,4760.81863692099,4698.73148105246,5380.54876690833,5624.69372301767,5043.5294862433,5211.41309982717,4636.98863851159,4608.58335477652,4931.94722662889,4625.995194105,4571.69792589604,4849.82899154256,5243.80054485135,4886.21778835431,5061.54314543975,4749.79817644403,4623.97354796806,5213.77224832189,4725.71285757484,4736.54754738046,5390.81126895795,5502.47589635374,5080.06342636475,5348.84158709233,4690.26676815753,4645.9636777565,5291.57369423017,4734.8690743474,4676.9504240824,5315.64412096995,4186.91399548979,5016.03539960149,5687.14907792453
,6,4861.29503724005,4809.53920454797,5379.46469111318,4937.81775760683,4820.29417721121,5302.5155700612,6108.11503990649,5205.46682842406,5237.80708208406,4785.52831504212,4732.51531346901,5287.09639139239,4811.06501269502,4690.09353049339,5348.45167326165,4850.48927189329,4712.48839627557,5404.77038895311,5975.1548139698,5055.83362879798,5115.44809031945,4671.66414116823,4759.76283223264,5336.89987131639,4930.3131957852,4795.38806618565,5361.23099062889,4767.54110733335,4813.06424466884,5538.44426438235,6063.12014720864,5305.05446926988,5137.13609872779,5087.22948958944,5079.64077738029,6159.57794258567,4781.7946084632,4776.91404363403,5342.90445642492,4767.46456478789,4743.09688554243,5230.96985189669,5864.10537812505,5210.24428390187,5225.9439442123,4923.99865405334,4715.35586726948,5345.98021819705,4789.02762515512,4720.39190348638,5421.9087947626,5776.80028657865,5112.16335180929,5299.26641460161,4649.89663580403,4617.52106188732,4951.19245278586,4639.32979478841,4583.80943729977,4864.88366237644,5294.95524175679,4907.17676435142,5101.75080045722,4766.07500241876,4638.44972713199,5238.67946026342,4744.42493314959,4751.87560245741,5426.26705122195,5637.47134337833,5165.33672826638,5469.68697511411,4706.31440291217,4666.1686013229,5325.09579958456,4759.24380728483,4696.32717757954,5356.28147449117,4190.84213349744,5097.80509130322,5853.20072692712
,7,4882.03780625551,4824.84657411507,5411.52416760543,4957.7613674718,4836.42604355852,5337.52907786268,6409.90910136239,5346.41319153444,5377.13330538985,4803.48265771174,4748.61839108416,5316.87720023289,4831.30446987227,4710.988787404,5383.56447324276,4870.1507225814,4723.99464463847,5439.69953411599,6275.04063057843,5177.61527548441,5227.88839331202,4682.87167696741,4769.1438315138,5366.90030076993,4947.899927978,4813.95932875014,5395.53909667817,4781.29325368136,4831.7566734725,5566.95646696577,6328.90972601413,5444.04958908798,5240.91250354772,5200.11880566628,5197.21790433125,6508.9418892632,4807.30489752545,4795.50713962708,5373.99073983928,4791.53511822691,4765.83386541925,5270.08137299421,6105.58183154256,5323.10901873464,5343.46903656734,4954.29489198169,4740.43904321002,5386.09161460871,4812.57275811985,4738.24927839496,5465.95516599172,6025.6679661992,5231.26783095177,5450.92459057458,4661.91283949675,4629.47872440848,4970.99521953678,4657.73506276336,4594.30091951306,4883.62615608964,5377.47568371472,4956.24325781627,5162.63063753957,4783.76351763523,4655.19370405489,5268.22453882261,4764.53337449274,4769.14540043141,5459.72922053361,5868.59737168195,5309.78308668325,5680.07618185629,4724.33889980811,4683.29450127841,5362.65538350148,4782.2541773378,4716.21187088567,5387.47246073685,4195.04561572901,5242.14438255546,6136.01567718184
,8,4900.64732434101,4850.45684266179,5454.090841503,4988.31074266958,4864.96610518792,5375.56257247038,6907.37963692768,5593.00011629143,5627.7746065947,4814.48910177428,4755.72615005256,5344.34924373467,4852.43406956249,4719.64447018544,5425.6578592924,4898.82611524833,4740.93304128458,5482.38623715456,6775.78667355219,5371.58183783433,5441.53473944172,4700.58156605791,4784.83454379647,5400.46965042687,4974.73380219903,4832.94508205346,5427.29159687052,4804.9844796868,4845.93276082316,5612.35105598705,6804.44394394406,5693.77165391042,5439.09190403794,5415.66715773401,5404.0933402586,7098.32048315819,4828.98313414719,4815.55459038516,5411.43563396809,4809.05284655364,4788.62545816474,5300.56518704499,6504.54751737473,5546.92835324345,5560.99742506776,4980.10163760487,4757.64685023542,5434.2186935505,4831.81342269718,4763.51841599962,5510.39290910355,6443.55446867805,5434.90477139442,5713.2947210696,4672.7811609318,4639.72645797045,4987.55604656519,4668.95206714998,4610.67882833489,4910.05583263206,5526.78722563435,5010.55475640387,5264.57025312534,4808.99693095053,4667.57866815804,5303.12582970534,4783.84807056602,4790.15044481031,5503.42121143485,6265.12594414599,5571.46393339492,6041.92204439825,4746.51907529358,4698.66637103125,5405.07840786245,4808.53307104917,4735.67160645265,5426.78930453711,4193.2282066611,5486.52241057059,6635.28402353825
,9,4926.96299491401,4865.61751378082,5495.17376322794,5018.10324290424,4886.97865041124,5425.74116354532,7743.08296196077,6048.57524456246,6084.79589124274,4842.72264451647,4778.91613718661,5382.24002888769,4872.93558898963,4740.7192713208,5461.40613653835,4919.82428057997,4762.48491561855,5531.95218052254,7582.31665060146,5759.33025130376,5819.62917840027,4722.05125797742,4809.10876795295,5442.69344800573,4993.48809850053,4853.43696438744,5462.9037344605,4828.07293199943,4874.92743098014,5659.1435770986,7564.86668543633,6140.52168462325,5798.3835942242,5819.64471478058,5803.68642104478,8020.92643496985,4847.33492013711,4837.0596978185,5452.75591550084,4834.69953951867,4812.77704423435,5352.80566518588,7171.08295488231,5924.24654916231,5945.19382639809,5014.34337621352,4787.75128205876,5485.13923889807,4862.89766956654,4782.02344926068,5565.9681964079,7145.47122364702,5810.27129788705,6189.65987171092,4690.91746301751,4650.62801882497,5010.74870465622,4684.4382692595,4616.90454661461,4936.58960449328,5784.34265280451,5136.14149182835,5453.79346240045,4830.98595740231,4687.69951530441,5341.74071618229,4816.06557970788,4812.25046445846,5555.02022513622,6957.65797005311,6048.37208158064,6684.75061983423,4771.23236624292,4723.02953652437,5443.21144522706,4825.16769227026,4759.31721406678,5477.02341605806,4199.95791131363,5956.14744538511,7464.1245953275
,10,4943.55818536193,4887.39174460738,5539.11531664245,5053.59263528643,4909.87394096773,5479.93982286352,8839.07489675653,6804.67472265505,6845.52907434025,4856.55815735083,4794.20636014498,5415.02624041323,4897.72701723902,4753.55341579042,5497.936385162,4952.36145046363,4784.50745326156,5580.10629267326,8644.65153516764,6415.57060555943,6477.15747688732,4736.64297902039,4833.84674587801,5484.64195494291,5021.3169396092,4874.27555186284,5498.91330941795,4855.01263936208,4893.7260094384,5710.51502131541,8585.78836328235,6901.17248916029,6428.90484728059,6510.20704169618,6489.99221019303,9177.05323638169,4876.86852646205,4859.68617473378,5504.82487357239,4864.12734619782,4834.02045779886,5397.57444057416,8122.08583089228,6595.27296951098,6622.25209881805,5039.53440679814,4808.95447034231,5534.79421368638,4898.80577719009,4806.39933710844,5635.68836409936,8157.34247934889,6465.53443259916,6998.70608754224,4703.34810096114,4668.67622101078,5033.41887000056,4702.56086874227,4636.25978968252,4974.04457032664,6232.15855832747,5358.38798894014,5789.13265309071,4845.68301145463,4708.06611947534,5377.23771949847,4837.59339762699,4835.53098165287,5608.70658926521,7988.62290658306,6849.64719086896,7673.8590247785,4794.09931429196,4746.88345460102,5482.23725616033,4856.0758361356,4780.40085501664,5526.14002464747,4203.54917295753,6743.86377404357,8570.93940256949
,11,4967.57290707036,4907.35687012799,5577.2992984216,5094.49539750662,4944.83077329966,5543.84154624743,10068.3200373404,7931.85187606379,7974.15561142105,4876.14659190742,4810.07070153337,5441.78059327063,4908.69706747848,4767.01984565164,5538.71737608889,4972.9348300353,4811.08438861304,5636.00717021461,9837.79639620404,7410.78296166609,7483.0846186847,4749.66764474938,4851.85599186129,5538.14689488165,5034.14523617942,4887.51108384275,5529.48745886514,4881.53131469053,4923.5583555293,5766.74986619444,9747.34643841951,8020.78140689707,7440.73077435771,7599.29543453014,7587.28830769839,10403.904277505,4897.467226976,4874.39629293634,5529.57559420344,4886.2282229697,4860.6336348499,5459.40435514459,9330.30584448423,7651.99466735747,7674.55911321996,5069.94449093659,4833.37502140083,5580.75305783811,4929.5356772545,4836.21047592033,5701.98009849645,9340.36936356529,7483.96555448644,8172.78873137394,4717.46359793598,4686.51099298408,5066.04382762995,4722.21836921064,4657.6811543065,5017.61915983461,6990.76592025725,5755.09678588944,6384.08595102933,4868.52838528659,4726.28662051062,5413.08820709448,4868.8264475525,4865.25673670974,5678.52269844121,9233.07842418102,8039.57827027244,8936.14891748283,4815.03523217986,4760.01312201908,5539.24076632182,4896.96487050316,4808.03976423116,5588.59368477121,4208.17680373362,7939.51563260248,9811.83592255155
,12,4989.36090431643,4920.90186422667,5616.62444603661,5142.27280549636,4986.38636233398,5616.13702457294,11381.9568156177,9303.27759618664,9338.06312655372,4891.90657667644,4828.79969832918,5477.18256224736,4928.18701487988,4786.81481857249,5576.5275258277,5024.56363298766,4837.79929516679,5724.01117111099,11086.9746693006,8740.64328697378,8786.02452539327,4777.42647912967,4886.77919839841,5615.81776621551,5057.4305233134,4909.37593549529,5567.75670614447,4908.98625049394,4957.5594056938,5844.16731534306,10991.5065921099,9394.06220912275,8800.53470632866,8990.53553162947,8997.30515089562,11690.8965201515,4917.96241159327,4897.48421126104,5581.97136776695,4930.67878674307,4894.92434575318,5540.7760591915,10632.0428420143,9057.16901279857,9055.50764773854,5108.28507604554,4853.37180456979,5635.84623281078,4980.21762441491,4870.17941336884,5820.84458919198,10601.0423629725,8825.65360446533,9624.0394547238,4728.359783716,4691.25963629476,5093.31819062366,4764.98968651372,4680.65651272159,5092.12950466065,8095.74350960041,6468.9988319303,7367.85900445192,4882.95684259546,4744.1169030046,5456.93733480147,4914.00123102427,4902.53286361197,5777.12400769821,10525.7948094346,9458.62978089319,10271.2833342374,4838.85101334209,4783.09266153661,5576.02893090944,4937.73504070219,4845.0335907875,5684.31221798783,4214.45218233976,9347.84243604859,11075.1614160798
,13,5009.17125785741,4944.1978205985,5664.27532299348,5223.45198106736,5043.8375393042,5746.25119523406,12793.3335107164,10768.2364857787,10801.7546383285,4915.24108556663,4845.87662551291,5511.53434215024,4944.9005967898,4798.4346663875,5618.26157271629,5083.27885288155,4876.83399159468,5847.02680637325,12428.4041678579,10153.1221366708,10189.4385746787,4814.61241995761,4936.08947208564,5726.88858879749,5084.95066044699,4924.39939042483,5608.82738337368,4956.30050384989,5004.19634592467,5965.52754015577,12316.9782698867,10845.0131663612,10325.8772095881,10486.8888185333,10523.8806444613,13046.5118377835,4946.27808429301,4915.69905584618,5634.15412671635,4997.33235504627,4954.76503930385,5671.70215392934,12005.5337229681,10633.5073077235,10566.2765121439,5132.89753492612,4878.31240240029,5696.53213305693,5051.80716621536,4933.80809782918,5974.07809265214,11925.4984949563,10259.8244615441,11131.87538061,4740.48218667335,4703.62244537357,5130.66175533173,4829.44678262046,4718.65066141388,5202.93817909791,9433.40072493528,7617.37386096607,8748.955721884,4912.78039638418,4762.06531363546,5500.18445466041,4981.43240322929,4957.74496409762,5935.24248560652,11870.5628785461,10914.7077636889,11636.5175781131,4861.39909305398,4803.79675667535,5628.63268652746,4988.2416110948,4885.1463531184,5812.80711955006,4214.65260536455,10802.4755385342,12371.3623865189
,14,5030.92976540601,4967.71990566106,5717.01257783314,5346.51567925105,5133.48794142569,5940.65339850694,14215.3638595136,12297.1718909608,12318.6396041285,4932.39753193999,4867.1390869978,5546.98202124361,4968.56457794702,4819.87522483307,5653.48252481146,5177.79584069805,4943.90703730772,6040.5802153501,13796.8851428106,11594.9460041832,11626.3681908103,4875.94633811109,5010.05753836899,5919.22518676688,5107.85154879304,4950.20395762444,5653.32675832738,5027.3837827815,5076.26023961581,6158.0615379013,13660.2116197797,12347.8576701414,11863.7763129942,12016.0445309317,12074.9623820928,14406.7294413092,4969.04098167459,4934.93421281765,5681.84244461688,5091.12828502471,5034.52675051281,5881.07316613523,13377.6949754015,12214.171710876,12097.3473482431,5169.20846125293,4905.06883632554,5760.73063537089,5171.17027144221,5025.79503601877,6243.63982904595,13266.4577243984,11711.8675271325,12667.2028105264,4761.59084189242,4723.70098735484,5166.3486148346,4928.24560371519,4791.91740368416,5414.48372278565,10819.9506442337,9107.85782380795,10261.5974553789,4937.86094883165,4781.1175937674,5553.90036438816,5093.80493068172,5055.22328088038,6200.61998733691,13246.6434643756,12380.8790562324,13033.3969591859,4885.33886674075,4833.96563335673,5687.55485526222,5089.7623232255,4964.0346715476,6004.69565505074,4218.43656868767,12233.2695509199,13657.7601093316
,15,5059.12878686103,4984.18638818384,5770.72592154103,5567.2673189254,5296.77515698081,6282.57560928848,15495.7698856274,13755.6230183258,13780.4555392036,4955.56038572788,4883.94611816107,5593.37506254986,4994.03894380476,4840.16130530867,5719.14806677848,5343.74848726552,5052.91582325459,6388.89723839368,15004.7566944493,12975.5150008396,12996.4056774736,4975.527980981,5140.16835111838,6240.48153394949,5135.11518279724,4970.65696886597,5702.76194373313,5148.78423897344,5203.56225063384,6477.95889853512,14838.447624584,13761.2117324882,13330.8426279704,13478.2569444475,13545.6513323897,15581.6471185658,5003.2724352023,4962.8882628546,5739.17617577046,5254.475586986,5178.608145317,6242.94631014508,14641.1553317854,13718.8994637408,13547.1771673576,5209.53279933406,4931.83942757348,5826.59285650505,5368.85311873577,5180.0695339247,6687.39063118252,14446.4355173099,13085.870218079,14094.9659053442,4776.55737700624,4737.10161896432,5199.02341118817,5109.17716470091,4924.36658440528,5784.03883357885,12079.4227952052,10510.9148844385,11643.1732373474,4961.61872094778,4803.93700265994,5600.40119624891,5283.75720654861,5212.30955284656,6654.16712821189,14489.3111959928,13750.8073783775,14532.0411460512,4908.83284093157,4859.13741022301,5745.27703895997,5249.46815679356,5096.66617074053,6346.51828120401,4223.73178873431,13575.7539530608,14820.9602847319
,16,5088.59129177646,5021.25176001544,5837.72907301537,5958.25856046501,5576.33599465348,6898.03385992778,16844.8611916926,15306.3682012479,15351.320899767,4975.98839718902,4908.05545188678,5642.24537268555,5022.32100940227,4856.42729260809,5778.58190466806,5629.37761604802,5266.47739615739,7001.57353649786,16294.6737600257,14510.2045894397,14521.752854487,5157.21009247278,5381.15691160431,6825.90418542508,5165.27755205818,5002.58360901177,5772.46738224828,5368.12754157897,5425.00594884846,7059.2832192458,16107.5990898946,15293.7248553483,14978.4002996746,15098.4249752561,15194.1299841699,16841.3395130164,5043.22682670024,4999.00670966521,5819.18180234278,5556.43028034293,5451.8576738602,6897.79977566845,15986.7193857123,15380.9236091201,15167.751383491,5252.43797549792,4957.8933241886,5909.5491568474,5728.81832138764,5464.6456547698,7498.30414307925,15705.9529107969,14580.4857714838,15658.9683315522,4796.30246522652,4755.31458366607,5245.72135861078,5448.25599584335,5168.96784728493,6461.94810264539,13495.433683907,12034.9533101155,13197.2331288095,4992.51624848275,4833.29174240936,5670.7009878646,5631.60100125508,5509.12364723443,7463.27288686529,15791.3764181921,15229.151109114,15904.418509079,4939.34094052344,4889.25726834753,5811.15694938868,5548.6850469363,5317.13752618452,6984.53109806731,4227.45206437458,15026.2784800192,15997.7172917253
,17,5130.63357760756,5051.46904686821,5935.71842126396,6671.90285366504,6119.67056873574,7963.67935995886,18121.6514211091,16840.9616066379,16894.0555538261,5017.82347568605,4936.76765503627,5719.27391093622,5063.69161010222,4887.90253306358,5862.69536008463,6187.07051053052,5646.96031619861,8045.36254354753,17479.5031914803,15993.3408541696,16003.657987188,5484.41532793546,5821.98969301357,7832.57347061726,5216.92935744706,5049.22200851238,5867.98176520272,5777.48970618149,5842.96560447723,8041.93446796023,17290.8147681395,16782.8436064321,16588.6682130267,16663.506592237,16778.4601596286,18017.4135627444,5092.60337048198,5038.96509422535,5934.18415831664,6115.26212680733,5943.83757164367,7988.63353838367,17219.7475688336,16987.4104306338,16705.6177755336,5314.60251153673,5013.31263902478,6024.8773102307,6386.91088418587,5996.99660829176,8781.01586512448,16889.7683857088,16036.3325059458,17147.3675809977,4831.1306433868,4787.53713359767,5321.70738509415,6093.71954297727,5620.16196312199,7591.61891073726,14885.2618917831,13653.199611136,14782.7176065687,5034.60783489624,4867.43718596933,5755.67457899165,6276.31221839721,6062.62512352106,8771.30141328958,17024.5812769702,16658.6505075471,17196.27128608,4976.36681992537,4925.62267083153,5908.12133361409,6088.52423685324,5745.89384742565,8062.17401466043,4234.61842637054,16404.1569783255,17125.6639403044
,18,5198.87302908531,5105.1555290512,6085.91604400267,7846.32306445138,7063.60087248452,9419.16124703693,19108.7551001175,18062.2647604218,18137.4406141824,5065.25626830171,4977.22090207619,5817.50695594003,5113.36208022407,4927.6851464274,6011.68102503332,7128.6232534742,6352.94468818419,9445.61021616687,18447.63971674,17196.9027638861,17226.8136287586,6115.81597723488,6618.94458204619,9186.13925925658,5291.63516266951,5107.9724969607,6018.57533817405,6514.5465394908,6603.47309940549,9363.84796321854,18238.3949813686,18007.220651913,17937.2056703108,17974.1955979727,18091.3802684424,18948.9987667307,5172.88856907536,5102.3525262589,6112.80130854346,7089.11400997175,6816.94126982433,9457.48987493325,18228.6846084627,18278.6669215747,17999.755634738,5402.22778797158,5075.58841410389,6190.31845917856,7502.02515610999,6943.90480570895,10343.9174786115,17854.6475668972,17235.1606989744,18383.2089945583,4879.69969334195,4833.72607504326,5430.77429445365,7204.71221038127,6454.60508913291,9057.77762452767,16083.553982861,15063.9479966007,16146.0681724535,5092.43488978478,4917.8676032822,5888.96794493764,7405.0266916164,7036.94018560274,10341.8670842619,18033.9648364553,17821.0664833858,18255.4036282782,5030.31083558948,4964.43924494353,6029.08095954735,7039.42813152328,6505.52498243346,9536.5196189461,4235.3990975479,17553.4325838157,18047.0202937092
,19,5312.23023614389,5206.11305191054,6353.30709363963,9507.56189458277,8596.84058762446,11271.246231883,20166.2268120583,19345.3608284546,19446.7622708508,5147.35810925487,5046.38358729578,5991.78239325844,5217.43696057628,5009.17271063533,6249.45328837347,8634.08199467011,7591.03460511521,11136.2959058321,19421.3274623345,18498.4320331822,18512.6565536499,7235.44284052132,7958.22617322074,10867.2012322792,5436.89417658532,5221.25408714588,6293.8608968741,7765.26417973929,7935.52326165141,10984.06191276,19260.8691133463,19268.8920171902,19332.6418694457,19317.0108054693,19481.6722502272,19957.0051938384,5310.97560833738,5222.76890157614,6396.53050608959,8608.86098635077,8289.0840498518,11231.1538066591,19291.1181610788,19684.6358766979,19356.2624816474,5550.17799624159,5186.36817828105,6470.4606988756,9133.73458566478,8490.13009079416,12095.3462354208,18850.5140120291,18475.762540848,19640.2953484914,4966.67368257367,4917.4052722624,5645.56329687443,8951.16470501473,7868.87553124796,10723.6433172949,17356.5173665699,16561.0279656316,17584.5623539289,5200.28287903996,5004.40531581805,6114.35074656493,9131.46665686667,8607.29590502521,12054.2896496553,19091.3659173601,19022.5964790469,19346.2055458145,5112.13279505251,5041.96115366982,6229.05489105559,8609.7666038032,7854.21197779847,11278.8220885985,4243.71532849521,18720.3543088114,18982.922817324
,20,5522.09127963557,5373.24222651089,6825.68718711508,11378.5979622015,10502.3417870486,13094.9503510033,21097.9827023413,20458.2999708367,20592.3123534037,5284.88961080419,5168.89236016737,6280.6722005176,5395.70554017563,5145.06551818711,6686.69948062712,10439.6289272168,9277.32647413827,12780.2851964839,20310.2198225852,19571.0525697885,19614.2517011539,8879.68814833196,9719.43957606774,12482.3373144541,5683.21336808852,5428.64558431876,6782.94053624959,9437.24144737037,9738.1800122562,12538.1800902732,20125.8305395867,20362.7245746297,20530.4921761855,20480.8904207125,20640.3725744362,20786.509960703,5567.78209832223,5425.49683952084,6950.67694200282,10456.8978779884,10151.5914146683,12849.3549283673,20121.9034979484,20890.6293934725,20506.152972357,5806.24121030808,5369.19652275718,6965.86556226181,10972.040560223,10466.6175648488,13706.6516634702,19708.6018150135,19529.3744684649,20742.95154993,5120.25892420056,5061.0325813833,6027.40566631766,10970.3719930557,9714.84899176994,12292.5730233756,18446.6003095405,17891.5509130035,18833.3823754156,5373.27707519554,5150.1772064246,6508.04168637067,11135.9300167514,10523.3255840188,13617.255196182,19992.8437541423,20065.9192856546,20278.8806117043,5244.83144273028,5162.97517747749,6550.46582777052,10557.3874956354,9703.59934998802,12867.692723423,4246.02487837937,19717.2573990576,19755.6922893546
,21,5893.17857095255,5694.85811345067,7656.45027353814,13114.1067713004,12444.6941485798,14746.4945837469,21866.4834694059,21395.3556356362,21516.0192761562,5534.25241309672,5385.30643544831,6809.93138948011,5720.96482517919,5399.83288102592,7441.08043388038,12166.2021675891,11096.1147241005,14255.1070738256,21010.2256970508,20468.26039375,20514.159634727,10725.0735701548,11557.098645344,13933.2638725978,6145.52975414285,5796.33158469466,7628.40035732414,11168.3464442756,11658.7774466588,13938.0489174024,20846.7664997335,21251.4841605748,21536.9615650519,21451.582732709,21649.1254304518,21481.0382754477,6029.70747026707,5797.14264747439,7884.89188061743,12217.7545724378,12033.5721586439,14330.9211909678,20946.3353600572,21871.9439254789,21449.7785839701,6268.39783276885,5714.85232337213,7820.46864469694,12658.5518670969,12413.2516352237,15154.1352564527,20439.252491702,20432.9210236072,21651.9785187922,5410.53210947494,5317.5966809677,6717.18084098556,12864.6421150691,11602.703969758,13664.5907502268,19353.7498080631,19045.0094971313,19895.6070526454,5702.44357490321,5420.5610625997,7199.58253306553,12992.6160536918,12339.6599858979,15010.9484683184,20744.568915629,20930.6348621214,21058.3990990355,5488.02318991747,5375.48712450812,7148.91840454248,12431.0175166732,11639.7154333102,14261.847806847,4244.61370818972,20595.257606402,20446.1149361739
,22,6594.20186528186,6292.33495597807,8932.56088123787,14871.5602471564,14363.1755112871,16376.5452068868,22554.8205316816,22241.6270155851,22394.1448218802,6003.91631256535,5793.62363049249,7699.98871869722,6331.33195238215,5884.36405510894,8629.96402178042,13974.4438319699,12937.6455497049,15709.4856355465,21769.9692106809,21327.3499689762,21403.8548268815,12657.5311893526,13391.4013937974,15376.0856263392,6981.99850225152,6506.21003152743,8901.73994927986,12928.6778250436,13620.7399997177,15331.136853568,21535.6552537871,22133.7555049273,22490.9465789298,22369.299388924,22577.9212959539,22171.5252847687,6886.544920949,6509.17986884354,9301.83453296112,13971.568631541,13871.0583916778,15768.8318881837,21615.20892939,22814.7069642053,22360.7925870964,7138.09187427271,6350.56710740427,9152.02154038311,14321.1297026185,14315.1943178565,16569.7142868629,21113.7483517607,21266.7923369833,22498.0969231361,5961.937355016,5834.42131459686,7893.00162258703,14705.686598067,13433.9568671578,15069.0419090783,20242.6649546829,20055.3991993039,20892.976505829,6292.62053405589,5912.85898022254,8305.07320492688,14784.9566157861,14100.4475681923,16387.8469488945,21469.2901793858,21764.8418392808,21807.0557308725,5923.67935775422,5785.96829575256,8135.58834108465,14197.9763873281,13464.5324555691,15646.9878340437,4253.41267762962,21354.1495023321,21031.9603698556
,23,7808.84137301586,7360.30246558699,10566.4979288015,16650.3009659459,16362.8072434322,17981.5515976376,23294.1664603839,23094.6791067985,23284.9874901378,6857.18035178726,6621.13349586748,9025.0842831668,7409.32028704891,6770.03588798803,10141.0196770732,15754.9958786803,14865.2676392927,17176.9497342885,22436.3741484155,22161.1148432951,22238.4441472245,14693.1860045823,15315.937817456,16811.2543835596,8357.92914087684,7717.12390537601,10440.1890662499,14768.121107897,15637.906267911,16723.7906639779,22234.3290205192,22985.0872940662,23436.1437898501,23294.3174268326,23480.8639286595,22854.6636734199,8309.40826990257,7742.28624078471,11042.6355070557,15742.4685376291,15773.0148078615,17232.3655866986,22359.1403059202,23791.4023285074,23278.9925215419,8582.92020228215,7479.29237286489,10855.1868350976,16019.8540905129,16281.9916150686,17936.1340261481,21792.0857536526,22103.7157903795,23353.0106306735,6976.75127703607,6770.70840193137,9593.13275908343,16592.0157460824,15290.8476308568,16385.8790548332,21082.2715611752,21159.3256657961,21888.2817663719,7341.63117302273,6810.30758814067,9761.07007697098,16593.4280482542,15894.3673425348,17715.9059065099,22200.1817244678,22591.1269265874,22553.3351502677,6733.1226493121,6530.88852367948,9570.65754401834,15946.0465658752,15290.896597868,16989.8713038366,4254.46835566285,22120.9626532954,21692.0083193811
,24,9359.8326501433,8880.84390533998,12042.3563467873,18075.8612191818,17989.9156100884,19257.6722149649,23877.6985715697,23746.1792104482,23945.7050458175,8165.8994660353,7848.16332872508,10367.4155681531,8912.0579980189,8161.23997746461,11540.2460800152,17303.4968653856,16455.2255047961,18332.4131642106,22969.4408741922,22856.4167670244,22899.7430751079,16366.6130509455,16914.9534315973,17952.2582017741,9991.32260247623,9320.45159203711,11780.5062900546,16287.1591176948,17309.3579675301,17816.2147001141,22771.4937024418,23639.1610894805,24149.1445049711,23991.2176491758,24201.1972522363,23354.8293751337,10054.1825828511,9445.50257619868,12562.6983441871,17212.6840547912,17303.2118198045,18322.7698064084,22875.1149711711,24468.4421086311,23954.4225751776,10431.1403629586,9099.17291501673,12348.4813718865,17344.2122223816,17862.0208991066,19000.5883862203,22304.1518010889,22738.4124390187,24003.2668650032,8554.74519755525,8284.73226851381,11261.0957880315,18079.3651611622,16802.8656657685,17450.8218332567,21750.6651902947,21928.3624693968,22644.2889689424,8830.78334862278,8190.30108025568,11102.6443765848,18021.4257093046,17332.9757668584,18766.9072708894,22763.8138140795,23209.8079389576,23126.6986775039,8032.65287372068,7766.40857515416,11052.3424572037,17426.938077444,16783.7643619451,18034.780820714,4257.54644235009,22775.3978986735,22204.9569666074
,25,11086.2044708276,10622.0014315726,13540.7556399346,19480.1644817615,19567.8680363809,20478.684777208,24417.5396788995,24404.5556906818,24621.8864873783,9822.70050816566,9444.44981519217,11833.8729984672,10594.5243975163,9896.23188977683,12911.3457530335,18691.4674116048,18000.9652261714,19405.8651838011,23471.2784518836,23494.7544120661,23564.4870065677,18041.1374367613,18440.5959205512,19033.3526808495,11657.0716996531,11055.6395502482,13153.3497871184,17740.3760661708,18941.6529186896,18884.3596207649,23296.7472729777,24277.8242308925,24879.0008336809,24685.6199847087,24898.6948979439,23868.3255127343,11851.7077235993,11324.9617847034,14080.6559239237,18615.7004640522,18809.2100224395,19419.1589873381,23485.0767509391,25161.1219683486,24650.3263339688,12358.3528701892,10917.739337069,13839.4192776881,18626.4078472869,19392.8329719959,20027.4661771363,22823.6212636786,23378.0203187671,24649.5637568035,10485.518381081,10234.4919418544,12845.3080963571,19517.0977552339,18289.9719756179,18791.0836549594,22392.575792317,22727.1483301,23399.1812371015,10522.8554965483,9842.82929142286,12493.8771632622,19405.2932943751,18718.8120037237,19794.9310297678,23304.4231791333,23843.2962962667,23692.3455068796,9737.60094854251,9453.74621199795,12504.1626227054,18784.4544589688,18219.6734290106,19082.133324926,4263.1739314744,23406.2023756569,22700.4552401034
,26,12711.9648872036,12286.540655222,14987.9131171792,20646.4739875678,20947.0632505772,21586.0887585151,24958.7387283016,25036.4019041798,25278.5863791169,11551.5441980003,11125.652793973,13314.8257599084,12184.5957826808,11607.4483671265,14271.7900588249,19991.0936354775,19342.8245731747,20376.7599850855,24000.423581246,24094.5174280162,24170.272376479,19515.9723104066,19810.1793822408,19998.5351450527,13227.2351886368,12686.7700109269,14486.8184979374,19061.7177931639,20358.1378033064,19795.515724083,23783.2124249751,24906.6796797583,25517.8055006307,25305.7920178159,25543.1886828918,24362.9593217272,13537.6207141834,13075.9968108465,15541.1055920078,19837.9214109913,20081.4347335365,20354.7328753519,23995.5151337796,25807.6481825602,25286.2668863914,14132.3524902025,12599.0815949044,15252.0739894369,19765.9132981565,20703.6883053465,20929.6876276033,23322.5590614303,23944.5159615428,25242.4498405002,12294.3395062148,12056.5924106672,14275.7074719042,20717.9039239562,19589.1890546006,19706.9811205016,23038.5801098271,23360.8943678449,24043.7982422259,12144.3502992664,11486.5221073151,13875.4632112771,20605.8779645984,19921.9084141318,20666.9111136247,23814.3221199782,24424.4944562883,24216.432499529,11430.0306055914,11212.3622346418,13909.3208979685,19977.249528123,19491.8967957295,19964.2815785602,4267.72185737043,23929.5470085033,23134.6676713937
,27,14312.0384787292,13893.3856007435,16343.211794035,21739.8791742048,22110.2031002059,22471.3308433635,25390.6284694973,25536.1558383811,25766.9506922202,13291.4685106233,12810.9830982278,14732.7317507042,13722.3280183886,13213.6400099057,15532.8177954166,21042.447505921,20495.6632078376,21245.2146347286,24452.8677086841,24586.9168494579,24675.2523641776,20817.7250132426,20988.8058463789,20809.8309742104,14741.3751416408,14259.3151912086,15708.5895021774,20176.67460856,21588.6690889422,20621.3529183294,24222.2085529041,25389.9421929432,26112.0779863719,25886.0140276364,26113.572731414,24775.3381013617,15116.072872789,14721.8768158046,16875.6581081874,20906.2630907812,21224.8400560388,21155.3373653532,24413.5002910561,26342.7812476311,25820.2889638494,15790.5151779396,14186.2275485315,16551.774133158,20753.6749612788,21866.7098714173,21730.8597639871,23742.9688268324,24476.7995759341,25757.0254292296,13935.8225067874,13725.014169254,15706.5389656274,21877.2844832223,20716.5378004493,20546.9561655432,23562.8409120944,24058.4800016571,24662.8101447891,13736.9111045313,13062.9728163257,15159.2561161251,21658.559928759,20991.5765384293,21460.1487998249,24273.4670902928,24920.1467542696,24673.7914466026,13046.887803426,12845.5515885879,15257.9806023489,21008.7265266641,20592.9020054136,20713.6028671906,4261.0546003939,24412.1122868408,23574.718466049
,28,15821.0187297816,15443.9887250695,17635.7006094989,22642.7997551253,23137.4251236609,23338.1446904423,25826.0168517603,26019.588158101,26300.8514962347,15029.3535093415,14519.9724660994,16046.0125523311,15190.5273040057,14809.0015841845,16666.1359647797,22061.8782966307,21536.5256736158,21955.9812285256,24846.0967495929,25082.7111705803,25190.5923426013,21877.9939971371,22016.7535413211,21564.4645075388,16193.9984810801,15746.8666771876,16844.3658836205,21190.550998995,22691.1782507731,21342.9037524841,24615.1730168087,25893.3747209543,26644.8801360474,26384.4129348083,26635.3261992822,25155.6857282944,16596.4296533296,16307.0950853557,18028.0751094887,21821.583626028,22186.0055917962,21917.4893630007,24838.0360368442,26917.4432441323,26340.1473317013,17364.6210770505,15667.3765632636,17717.5719886847,21588.3489053332,22866.9526262954,22437.8431983731,24123.764503637,24928.4091020107,26248.7807554675,15511.9874565156,15322.6550675833,16922.963001197,22770.7523188007,21693.0229149346,21263.3330934389,24050.1497254879,24619.1626860425,25180.3317660714,15233.4908092204,14595.3208329568,16301.8194314788,22573.6162480282,21907.2429756609,22142.124612272,24687.5144769996,25385.0209173796,25106.3317977671,14597.1675131336,14428.6247755689,16432.4389869039,21859.1153632815,21544.928115085,21441.5386237582,4275.3903265057,24820.0677047306,23901.134873257
,29,17226.2771331664,16883.1734926292,18734.9252737503,23499.1554929229,24073.9494057552,24047.5839138349,26204.0989117283,26457.0193313745,26772.5572566228,16667.4277447935,16113.3643894511,17209.5505709335,16548.6749841637,16292.5361956849,17712.0922647091,22933.908167264,22447.1304815774,22644.188822738,25179.0740074355,25526.4836071576,25657.3031074635,22949.6279413826,22938.1516298775,22223.252197116,17501.6451234891,17163.50063006,17870.2998903861,22084.0411230814,23680.3370738302,21990.852628802,24985.3380942021,26363.1111199363,27142.1542636534,26859.2483439629,27097.6465769673,25527.3780052008,17949.7416810752,17723.7053748597,19154.299620175,22664.602920064,23084.8515527322,22531.4633094912,25224.7221740595,27306.5367602746,26815.8042267753,18767.1210582984,17011.9744043253,18788.5451173424,22366.9761451695,23790.6993766676,23055.7193658465,24502.6845233339,25373.953376263,26681.001464017,16964.8571917239,16801.8255621824,18121.3140639858,23692.2701063487,22578.632126074,21860.8716528112,24492.2126641392,25192.3421984788,25704.5650594042,16615.4804119992,16013.5258276215,17317.6329328096,23397.2921834278,22744.1288520721,22792.2895978825,25065.2020774779,25839.4071642073,25502.0379793248,16030.6070489551,15907.8764856248,17572.0329108914,22725.7958322916,22387.9586878039,22070.4559086698,4274.26171271655,25280.6132459771,24248.7558292414
,30,18472.3727192525,18165.1907450876,19712.8235103088,24205.612625186,24894.1538843858,24682.1368694336,26556.303624245,26898.3049709652,27154.0778572315,18131.2885272602,17545.8846661496,18233.7497187119,17808.3303242479,17675.1223994413,18656.3985134928,23702.9328460068,23301.246585176,23177.7902233526,25560.3916187245,25929.4370935328,26033.987172869,23826.4858229149,23753.5611823571,22795.8808367431,18635.118946645,18386.6364164989,18756.6941880672,22859.409611536,24506.2646834159,22557.7753345182,25335.8062160795,26769.8812961768,27598.3466346635,27300.6008389518,27549.1920414677,25846.8409815327,19128.3488123414,19037.2869295806,20113.3613372497,23383.8091093573,23916.665917947,23166.7540527221,25550.8013257209,27794.8844652001,27215.0375521812,20001.5394634668,18229.4468417214,19725.1136333987,23045.2214177469,24592.4859897386,23630.2704790074,24834.5786558288,25768.5305893101,27089.7960601862,18256.9110324828,18109.3373674026,19067.6116671096,24374.0547766334,23346.5686677562,22475.2939069084,24905.939623657,26022.5356837696,26147.075339395,17798.6418618218,17262.9312493522,18198.1695045369,24131.1852366992,23478.813908568,23336.5650304346,25432.4010640015,26209.2201170884,25874.7403074169,17313.4968050405,17163.7824059967,18541.3181936564,23462.4742424803,23167.5305390889,22688.7439055533,4280.02599197937,25608.5429127865,24533.8911266167
,31,19606.2295888176,19338.9961467911,20613.136390338,24898.5846283819,25602.4917657623,25300.1155552066,26878.1276409926,27282.0047674524,27557.3743171551,19415.5795622691,18825.9834077666,19147.5902488359,18885.8735367939,18820.0869565814,19531.6822520148,24414.2255289107,24022.4613221576,23782.714917015,25830.2742875701,26304.2634687629,26440.7995345941,24645.6128516944,24500.4827304836,23350.5455418197,19672.7951643855,19480.570116984,19583.4005423401,23593.4574124665,25301.4010055077,23092.6300051313,25637.0542379458,27135.3287722908,28003.3276907952,27692.6868550187,27935.9132705196,26177.1933263528,20184.6865597839,20163.3783191933,20949.0917842884,24097.844608165,24603.7255702339,23692.9833176613,25907.3833375183,28215.8463254981,27686.9545476324,21112.3361947114,19302.1290666239,20565.0187304692,23659.3866089816,25292.9808302599,24143.4570057994,25137.9152413652,26140.883560635,27485.7829708823,19418.1265934316,19305.5889824476,19984.9500853167,25114.8901265619,24091.5566388103,22987.1654843712,25219.6631836129,26524.8531137897,26611.9657068636,18845.5526617808,18331.3760882362,18989.0418950984,24782.3801753465,24138.4899879696,23857.4382254167,25768.2969576948,26613.3430712897,26210.1950126431,18395.3212054329,18373.9431028987,19381.7885207333,24052.5317690401,23882.6957057541,23197.8410882517,4282.20403596305,25993.8168973199,24845.6366531904
,32,20661.6567513229,20355.415695393,21425.5829661566,25492.268031714,26290.1102354988,25865.2508119181,27207.5157498884,27618.4740356012,27927.4422051961,20547.3115699431,19926.0479901402,19945.0483343261,19857.5335903486,19919.1960886297,20274.8021022807,25063.5433302095,24630.4346941297,24291.4212967705,26187.2216029375,26633.7772706113,26744.5822126468,25342.6728683617,25165.851454425,23821.9539829352,20594.0993243774,20472.6094429967,20305.010158208,24235.8826744297,25956.8812688443,23576.6181622493,25951.8076366676,27521.8859286859,28402.4366682515,28080.4618318243,28341.1832397997,26461.967641906,21110.8468566698,21162.3763823128,21791.3055045666,24662.8560350053,25206.1860503884,24182.7113381008,26190.5183547763,28563.1025626457,28011.8497028801,22109.5508551918,20235.034203435,21321.7233366979,24221.7018111509,25962.0124289389,24611.1874901312,25436.7296765036,26497.0504987617,27833.3188165538,20421.3710716052,20350.6974002332,20735.195817679,25779.0324868877,24718.7917447091,23520.6308451723,25673.1586217773,26842.6521717002,26989.1257209526,19759.5242156844,19299.4660262473,19675.4582299948,25372.7775192456,24737.7864552672,24324.7662297399,26081.291362922,26960.30551196,26519.1487061488,19349.1660399764,19338.9465791441,20112.6221404879,24601.2838646902,24436.7878557883,23602.3163120751,4285.56874895142,26323.8416608753,25127.0922231897
,33,21477.7896362603,21237.0667282343,22129.7138401837,25995.3044135981,26836.2259089301,26309.0812927943,27465.7628997145,27922.4340898304,28237.7456186922,21492.6073069516,20864.2358549921,20617.0551997262,20718.4488360102,20870.8181411117,20950.7030886146,25577.537889654,25228.6386676464,24692.8564535581,26428.4216251307,26963.5993144173,27115.2591817918,25969.4367858399,25705.1294086032,24261.189949561,21392.0044212073,21330.3090374412,20955.5572814383,24808.1560693237,26570.221106375,23994.9104724691,26220.3637257332,27824.4197526975,28746.9420069328,28405.1983364202,28649.2152641365,26735.1613568439,21922.3904520698,22019.495539459,22460.9807861844,25199.2665154333,25773.0053619743,24599.6260002008,26471.2107973706,28939.8022323676,28383.4273128095,22956.8685983834,21068.0626636482,21963.5812864502,24687.5949329892,26509.9891111084,25042.1243265643,25717.0692698085,26801.5341090905,28149.5818938803,21307.7796072985,21275.3768290569,21456.4116932467,26277.188702454,25197.6442602368,23865.4025594885,25987.0283950877,27285.8773332326,27331.450223351,20531.4015101317,20096.6433175592,20265.3484999511,25885.6394042525,25248.2772830182,24747.1190855747,26370.8238828921,27239.3589606558,26797.0091662711,20219.3801758846,20201.5635911466,20746.2183130533,25123.2944697307,24993.8035768047,24052.4145671449,4290.69468350001,26626.3688274248,25367.0041067154
,34,22303.2361266693,22093.6036373208,22762.3888511973,26524.2887539471,27359.3142737385,26752.2899247635,27724.9972945324,28232.8938496904,28572.8277105395,22355.3782449121,21718.8826010703,21236.2322220557,21501.8714627026,21677.9363314823,21546.2690347538,26078.9628931722,25793.0384794162,25102.6388841932,26689.4439708717,27248.1412289113,27400.5859439047,26547.0119987737,26281.077471384,24663.59830911,22133.5813035405,22119.797468973,21537.9269432006,25298.6953056166,27139.0926189326,24403.5674966057,26479.9143292068,28126.1038381922,29074.794037147,28737.6556311006,29014.0412324643,26968.1850589196,22644.5572891186,22821.6162042019,23085.502540391,25657.0967409376,26272.3809288151,25030.9314563511,26760.0588707305,29306.9254263761,28677.9320640658,23726.8165978498,21807.6198816021,22561.9799363532,25145.6706790914,27044.9220531054,25409.2153146736,25961.6935435091,27074.439817956,28457.4676048707,22072.575622307,22083.5132042308,22060.0277717127,26825.2430093027,25687.8730496276,24264.7111436849,26272.1305145228,27697.9260477226,27649.0715250134,21238.4209263221,20777.3040526556,20805.5638307633,26349.9318827838,25745.0121338984,25138.1620712421,26622.4002875855,27558.3468509368,27074.4309207005,20922.4502795819,20959.0468004383,21309.6872265623,25628.8198887778,25455.5275904584,24436.8501015305,4293.66207500894,26891.1215709879,25597.4041796239
,35,23009.0732351804,22779.9749443659,23362.8973451863,26982.5359305637,27866.6361593351,27201.8946434407,28069.0192409031,28564.0232654984,28899.0628477261,23139.1612474045,22476.833929431,21814.2329288037,22193.2466468778,22438.3847903703,22080.7908668682,26570.4453501643,26243.3073340085,26006.3309601311,26916.0860334624,27483.0736465326,27672.8776922194,27078.4653431872,26738.9907424343,25026.939016973,22784.8761325442,22806.4686374427,22065.0724573871,25790.9437884775,27634.5688128842,24757.1664051041,26722.9567414512,28401.7521085038,29368.3400598265,29034.6263389641,29300.1961549273,27215.0307546495,23315.0134575002,23536.7186475124,23577.8764104499,26123.2327937996,26710.790860174,25335.6076504796,26926.7936401112,29589.7826598478,28980.6219884223,24440.8291384075,22439.7231052195,23094.7243450803,25542.5763243792,27498.1274361264,25791.0052452771,26190.7603243192,27382.237648607,28733.0327513694,22767.2774537441,22754.7033896108,22707.876644784,27282.2355085498,26190.3132849787,24672.6359548678,26564.8696154622,27998.3131434457,27949.7762601228,21876.6711934984,21426.2684190252,21284.4740235112,26794.4246187751,26169.3688955414,25484.5346945022,26871.3128408652,27821.304712101,27327.5371800039,21570.4163912662,21625.7267623982,21787.5877308402,26064.1799523422,25904.3205484017,24786.5338282502,4295.86207201199,27194.6498060825,25794.4974542326
,36,23630.4625071772,23454.4943978075,23869.9959678502,27379.0482717358,28321.5548240988,27557.5678611637,28279.1230256057,28824.172168556,29152.2992526211,23803.0993882743,23127.774865277,22295.7689834877,22800.2505100367,23153.9127988691,22532.2335082332,26952.3488804988,26655.7473064379,26367.3358570066,27163.5878981191,27811.2353522269,27999.4236912034,27583.6703753094,27222.5237463291,25363.28729922,23411.2946693003,23432.9667087601,22550.9648306628,26227.2596661176,28112.6449585514,25096.2664967843,26959.2784068138,28709.4016543687,29687.3179244689,29314.0093154772,29580.3916901553,27447.6956723509,23921.7084248543,24182.7826263419,24206.0448625856,26544.2828068622,27185.6967229903,25749.9023361667,27203.8085159355,29903.6593227736,29280.0072459795,25073.2773497698,23036.560215354,23593.1504569205,25955.1043331856,27948.0179413206,26092.6408837955,26411.5309599946,27647.0388043971,29008.4960380408,23419.2768773387,23370.7439068779,23231.9884144039,27699.6954359792,26605.1401461248,25012.0145610531,26793.5803738771,28324.6648700919,28280.5666998081,22432.9415536247,22020.136651707,21726.0629080219,27182.3026833999,26596.0668100279,25797.8169327064,27112.7238000554,28089.5169604147,27582.8080992179,22149.1796031522,22150.2740373241,22286.753828995,26437.976699576,26352.0836129441,25060.3071971123,4296.40253776591,27424.3690618947,26047.1442473044
,37,24198.9751695414,24021.3450101766,24298.7317659035,27691.4906304067,28698.3475192578,27845.3391719513,28480.6451543332,29009.0446487118,29372.8269313054,24359.3221095643,23730.2676786425,22706.2746315057,23392.3300320048,23781.3368615092,23018.7696621456,27315.5496446926,27106.4637326668,26734.4216581667,27359.0180605441,27968.6320719383,28176.0360953537,27970.7929660024,27612.3534813321,25665.3652176052,23922.2518865723,24022.9946164607,22963.4862192987,26615.8384895343,28519.4492808999,25379.5987118012,27147.8573819816,28920.745435687,29953.9174055195,29572.7143129708,29827.8671808528,27634.1251301127,24448.0013454075,24795.3066135871,24535.3260803039,26794.3887241138,27589.1051967759,26046.4223438698,27409.6094140909,30128.6274412596,29529.1703223385,25601.4622152657,23554.9311725088,23995.1483602161,26282.2550397313,28348.7579900992,26404.1316881413,26605.9855507877,27869.8122295743,29244.0620262556,23969.3751440967,24027.4070101142,23609.5239433005,27988.9710288442,27033.2869895153,25336.896932217,27084.4942095689,28569.4927338908,28558.8614408768,22927.6947090651,22498.1884109355,22101.5145744547,27577.4885896386,26966.2352479511,26114.0711634703,27315.0773827659,28321.9884578837,27811.5112964926,22689.7271564701,22725.8256162994,22665.5503948081,26783.6962150011,26710.464912393,25431.9942049016,4295.25245543523,27617.121362315,26228.6915431627
,38,24724.7784005117,24571.9530366713,24772.1604829899,28089.3712559622,29095.8817043192,28234.0689077661,28698.4646925753,29289.3211708584,29653.3591743267,24930.2295129926,24227.2760275393,23120.259203678,23880.8021639937,24318.3179867971,23435.2751046956,27659.41431801,27392.1299274188,27028.4124945628,27588.2605065528,28250.0518147045,28424.7886097067,28383.133620778,27995.0410200039,25941.9246252886,24385.9713790995,24531.6601442021,23389.5129800347,26958.418304089,28904.7331347871,25678.5253722433,27385.6688234047,29151.2999046016,30210.7347914084,29826.2227818587,30061.9957038311,27814.2216552647,24935.0749016568,25286.0188780063,25043.3280303726,27229.8473331649,27898.3796195709,26328.3614409539,27666.5093902971,30338.5937563801,29719.6945372112,26046.250574826,24040.8954537107,24411.108778338,26591.2170594265,28719.3657059512,26700.0963759384,26803.9412723407,28087.0814472839,29485.5149693238,24499.88610515,24529.9307581679,24105.6125532111,28407.4972666636,27365.1614004487,25594.0705596942,27315.74858014,28868.87451254,28783.5594390324,23399.0024436144,22989.043709707,22459.1569678588,27895.7550385961,27310.7985692583,26400.7117015546,27530.7362835892,28528.3528379194,28009.8301568647,23136.7735833848,23209.9692234681,23008.3995596508,27065.2391664264,27041.9047327904,25641.1502217573,4308.25416780174,27781.2590579559,26385.1307579031
,39,25163.3015381705,25037.0631801059,25122.7875088994,28387.488491891,29429.249325824,28464.9486987403,28871.1397750675,29450.2940189872,29833.562119741,25367.5642535194,24697.8130837654,23472.3817882286,24336.4559458022,24839.9459706236,23788.8732783943,28093.2041320102,27732.8641366746,27310.1514955311,27801.3676912595,28413.1933638091,28656.5673447044,28782.3233474278,28326.1036985157,26210.7672193845,24831.9421295805,25013.5227680383,23732.8382970154,27315.4013969239,29265.7328408946,25932.7096796348,27550.1661479505,29355.1870128449,30465.4461887673,30040.2061917923,30301.1547719115,27994.9172988504,25350.03734352,25786.0752532859,25378.4144811113,27520.4241351648,28232.3611327187,26607.8132072703,27885.4217122677,30527.5399453849,29978.995135735,26515.3118877156,24457.6022733772,24782.2626789126,26884.6094535961,29039.3466629434,26948.3278142005,26992.431034733,28327.9835900837,29696.0146595601,24955.6429058198,24965.919337433,24497.71755707,28721.8199295111,27684.7075365585,25877.8243498372,27526.6754311034,29122.5330310808,29037.4773677413,23752.4097504165,23403.7262796387,22799.8039296622,28201.3564683883,27600.1392458545,26667.6455616931,27751.4264822726,28772.8520395754,28214.6272955782,23537.3608115871,23638.7859895397,23444.9135934104,27425.2829093224,27380.2095203291,25929.8968204409,4306.92490495368,28063.7992607633,26574.4061889542
,40,25606.428476671,25470.3027739579,25548.7709132348,28705.4423379754,29756.4446676459,28753.5040778645,29083.1317870256,29684.9446135712,30074.7250482346,25833.7446261457,25157.1018016587,23821.6053419689,24765.4288854875,25206.8108457957,24150.7320568142,28379.3072885027,28054.940852751,27553.458306319,27937.3191191342,28733.0525866973,28870.0534800861,29071.7075969145,28635.2572294325,26444.3017007953,25216.4970160636,25391.1387081419,24048.9250351112,27602.6102767332,29579.8506654897,26152.2615442048,27735.0031269688,29585.2492774128,30654.9022651708,30264.5623591197,30532.0890895426,28183.7359132859,25761.1790043061,26229.7097388472,25677.34992862,27810.1793287118,28474.2502777556,26829.7761616037,28041.056931739,30873.1550162766,30196.9141686585,26911.2095550967,24894.9064996154,25099.2041304081,27132.418697687,29335.9567621149,27172.3098119118,27144.0242203854,28486.5435236927,29864.513635685,25368.0927498774,25427.3451062263,24821.1199973213,29024.3349261854,27947.702919213,26108.2997307815,27762.220353481,29335.4553565215,29249.9997309368,24140.0080935355,23736.443456093,23079.8593435476,28457.3849151209,27888.6056062477,26899.4197047425,27916.4932508737,28968.2962320709,28377.9014379608,23946.3037616808,24005.2850569052,23616.6597864758,27648.6703743257,27637.4623525035,26130.5177745232,4309.18243394247,28186.9891229327,26643.793302306
,41,25970.3947350354,25854.0034399156,25813.6953291349,28959.0776308571,30041.452700052,28968.3857803942,29243.2073252331,29887.5756468165,30242.3954586294,26222.6423020976,25500.5397671524,24113.1846997559,25091.5278892636,25608.9936914128,24436.3918280597,28637.9653241845,28315.7987716422,27791.8840967535,28064.4335103062,28819.8634139749,29023.2722871506,29359.4230052117,28879.2640335106,26649.9386972642,25561.0532396554,25728.5436395423,24353.1161609934,27890.3147713048,29870.7012385557,26383.3329635908,27890.7681936536,29764.2938983551,30863.1571519683,30425.3854842946,30711.4979618577,28310.0027630318,26103.6778418699,26513.7315315747,26071.3137975656,28092.9104872123,28761.5139960454,27046.6164418693,28161.0065077151,31038.4932510915,30362.8029782843,27259.2488929746,25164.8551645674,25397.0205118357,27375.9625623896,29586.9713623437,27352.2174131037,27302.8491150613,28665.730265298,30033.1378052891,25720.1353724741,25819.8876854032,25118.6015342898,29339.6259116447,28222.3918166683,26307.402984688,27926.5374759,29625.1980199073,29394.0621539331,24461.0803395819,24065.4555910248,23338.347486374,28735.4976954726,28746.0670316818,27086.6547928393,28073.1838842648,29119.4661654854,28539.8277368223,24252.1594100884,24292.7996695912,23969.6336056609,27931.1448993582,27866.6477293375,26362.2759891668,4314.39190007669,28418.1143622967,26876.4097708184
